relative_path,size_bytes,modified_utc,sha256
src/advanced_metrics.py,9062,2026-06-01T22:21:05+00:00,83b28f6344552effaae499e1281ee62fe60997056ee8cf15fac06231c00ef2c4
src/audit_manifest.py,5174,2026-06-01T22:21:05+00:00,5b67f3060e9363f1334381bcfbf4b1d5f0505b51767982d4643e207a131d7fd7
src/data_cleaning_experiment.py,9420,2026-06-01T22:21:05+00:00,ec006610d53656b4fc423df14cd3f9915511900fe5eb48d39ec433a7ada5db24
src/degradation_experiments.py,11476,2026-05-28T13:46:53+00:00,a7f5dc6ba013bc54e484f6f4619fe105e2fb9a9b9deb18b8b25b33bd96ec93a5
src/eda_quality.py,2793,2026-05-22T07:27:34+00:00,77a7d55962ca24181bec58a2871e38c321486f1331b89d01b0d2045d6accf488
src/extract_from_mongodb.py,2231,2026-05-22T07:27:34+00:00,ade9cae2ec1938868eb10d3ba5db288618108e281e66251b27698a7a33250b85
src/monitoring_kpis_export.py,6914,2026-06-03T12:06:36.942515+00:00,7053ff3ad3f6d5a9390390d630f84aa5a6545767140ae45c02da9508ca4f7911
src/possible_worlds_sensitivity.py,6907,2026-06-01T22:21:05+00:00,3174db712baa8fa19ee3cc2adf1ecd814e2758da1ef70721e8bbd593377e9b5b
src/prepare_dataset.py,3112,2026-05-22T07:27:34+00:00,1d9c27ce0e9882467369499d1d5e37b101eec2ec92775a0bd1f5988bc7045d3b
src/retraining_experiment.py,10115,2026-05-28T14:17:43+00:00,d87ee8a45d86e7f44a6319f2c2cc1783fc0411bca0bbf638c035a4aa42e965d4
src/stability_experiment.py,5138,2026-06-01T22:21:05+00:00,86ebe8cdb0d8381bdb4c3997015ac708bce80f4f606fbb8cf1ecf5c5c007b248
src/subgroup_gap_analysis.py,3076,2026-06-01T22:21:05+00:00,ad34f912be065058a9c9c17217cae354438c96a016130736b54140a3d46c76b2
src/temporal_drift_experiment.py,11153,2026-05-28T13:57:07+00:00,6b4d84ec4695713564c3f2ff77720debcc3b81954616338012f2fc20751131fb
src/threshold_tuning.py,5596,2026-05-26T10:48:52+00:00,a7154270b73f2c58947d00937f6a9cd52fdaf696fa7cb36e2434d6fd219015e5
src/train_baseline.py,6967,2026-05-22T07:27:34+00:00,a815687ae39c32c6ee3fc5b6d2027ad33429d8ded346b88bc42ce220f9ffb065
src/utils.py,768,2026-05-22T07:27:34+00:00,f20011feda0e35af573d0cf1c5484a0682bf47e3469361b60b8d558fa8ba8029
config/config.yaml,969,2026-05-26T10:07:47.785844+00:00,9b106c687fdb634dcbde3b2799bb1bd97628c6aae7113294ad13b38a568b99b2
reports/advanced_model_metrics.csv,978,2026-06-03T12:00:45.012126+00:00,260047fe00e8c7fd4bb1e4d19680e156e751503b8108df56a78bf02124b918c4
reports/calibration_bins.csv,2377,2026-06-03T12:00:45.012810+00:00,f64ad38bbe66ec3a4f1d4c4ba78077e8f1f99e970086fd6f4a8fd6b6e717f7a3
reports/calibration_summary.csv,135,2026-05-26T10:18:33.778209+00:00,bfe2c4bdf7a681718410d8ccc057035508d03732a588da4543ec4d35060604e1
reports/category_distributions.csv,1922,2026-05-26T10:14:05.590753+00:00,0e5443b41be57ab6b0c8fe8d300bcb2af742766e203d565cd87b1cb34eb64ce2
reports/data_cleaning_actions.csv,523,2026-06-03T12:02:22.598693+00:00,5f3c60720d6b309696d86a6791b8ada4d67db9acea1fc7ff113dac4ed014cbbf
reports/data_cleaning_metrics.csv,986,2026-06-03T12:02:23.950380+00:00,863857e75d5722fada3a62272c56f67a0679cf05bb9b322d1285663226eee8d6
reports/data_cleaning_quality_comparison.csv,202,2026-06-03T12:02:22.598357+00:00,3d3ef8beacd2ea9db19d6a108f2a84d6cbedfe1c9d4a8ed69350d2ad535aadfd
reports/data_quality_summary.csv,937,2026-05-26T10:14:05.580411+00:00,1d831afaa7a6f4145b0b5e421860c1aff7eed51d9a755a4ff40e97f8e4b69fa8
reports/degradation_experiments.csv,4237,2026-05-28T13:53:28.961430+00:00,15e3ed4b626bd03514049582bc906c0aa886a289fd13253f9ff098415392e40d
reports/degradation_summary.csv,2208,2026-05-28T13:53:28.962176+00:00,dfdeea3305bd35442eb30c7821d7f11e934d371a2e35163f13ebb9f64a857544
reports/model_metrics.csv,429,2026-05-26T10:18:33.776839+00:00,eb4ab2c262793a0cf4bcfcb9b96eed27621d36c3bdaa0ad21061004367fe12f6
reports/possible_worlds_predictions.csv,270931,2026-06-03T12:04:10.869911+00:00,9f8166ae5ac3a228f067aff4deeb7efeca541a980da3bd652e634d84fa289546
reports/possible_worlds_sensitivity_aggregate.csv,142,2026-06-03T12:04:10.884814+00:00,18757553a1b69c72d69f4936c0c5b669591e779a0665c16d1325418303093b34
reports/possible_worlds_sensitivity_summary.csv,42394,2026-06-03T12:04:10.883761+00:00,d8e96b111a7ec0a9dbd3929f9a2671083e6b1f8677afc2a6e16ad1969545899d
reports/prediction_audit.csv,351150,2026-06-03T12:00:45.023150+00:00,fdd5ac301e1565d6c432e48c0937dede845bbebd0c0b77e240a135e54ec14b56
reports/retraining_metrics.csv,4197,2026-05-28T14:57:39.555772+00:00,41884191bef4b1f864356355c50863c1ed9972f98cb813b2a598a4865616e81d
reports/retraining_period_summary.csv,537,2026-05-28T14:57:35.952036+00:00,27a8f412a354ee4d2ed83032aeb847b56781be4177bde0812d6a0ee186526503
reports/retraining_summary.csv,1095,2026-05-28T14:57:39.560661+00:00,e4f990ea5aa7e834895a746268f5bda1cdfe6241f79e7f0697c3c7d19bc489b3
reports/stability_seed_metrics.csv,1951,2026-06-03T12:03:53.928610+00:00,6256a005ac649aa584e151ba7a341ac43c6bc57b173ce2cddd169b663cb1de8c
reports/stability_seed_summary.csv,944,2026-06-03T12:03:53.932047+00:00,b12c864516e35d5060ef8cdbce60290c3020ddbfe8491ef06cffe22122ef8b91
reports/subgroup_gap_metrics.csv,23545,2026-06-03T12:04:03.150115+00:00,5d5fcc220529e08b3554c3ef006ea13ef7d1c0274d6c0e606c471a1a837dfffa
reports/subgroup_gap_summary.csv,2147,2026-06-03T12:04:03.153346+00:00,c35426e42950c65608c715642c9e926d5470f7900e9a6484db48448e87e190cb
reports/subgroup_metrics.csv,6651,2026-05-26T10:18:33.777707+00:00,ef3c14fd8a1364a013fd478f178c495fd4f13baba0e41e73b5899ec6b6c936e1
reports/temporal_categorical_shift.csv,4118,2026-05-28T13:59:20.012018+00:00,4d4ed641e93858274d8bdae71d3805d2a470af027def75fea2df8e2dfddf4fff
reports/temporal_drift_metrics.csv,1198,2026-05-28T13:59:20.000847+00:00,ba27d87febc061c3a3138a5efd9909a8f08e367d51bd56e532f1fe2d95bf0faf
reports/temporal_numeric_shift.csv,573,2026-05-28T13:59:20.005013+00:00,0468e1728252af3453a8fedf6c94e678e808527e2588e50cda2b3b9f28e60712
reports/temporal_period_summary.csv,246,2026-05-28T13:59:20.012995+00:00,60ac6bc13cdbdd924d7bfc2cde478d523ba25cde18fa28f6c2677f3e340eaaf5
reports/threshold_best_f1.csv,517,2026-05-28T13:39:52.787398+00:00,2440abec06631e9cfdff4fffb2467bfe6a14974d6412513e477876a7304cc272
reports/threshold_metrics.csv,6768,2026-05-28T13:39:52.785378+00:00,7cbfdfac1f1677b2beea3f174cb0658f707fb32268ca21cba964bbc471391ce5
reports/threshold_recall_60_minimum.csv,517,2026-05-28T13:39:52.787673+00:00,2440abec06631e9cfdff4fffb2467bfe6a14974d6412513e477876a7304cc272
reports/time_distribution.csv,2109,2026-05-26T10:14:05.593897+00:00,b4b9977cd27b5423d6aeea74f01e2f5318eb9ad34e126a6eecc559769065ac8a
