model,group_feature,metric,groups_considered,min_value,max_value,absolute_gap,min_max_ratio,worst_group,best_group
extra_trees,created_month,precision,12,0.3148148148148148,0.569620253164557,0.2548054383497422,0.5526748971193416,9,7
extra_trees,created_month,recall,12,0.5,0.8529411764705882,0.3529411764705882,0.5862068965517242,2,10
extra_trees,created_month,f1,12,0.3953488372093023,0.625,0.2296511627906977,0.6325581395348837,9,7
extra_trees,created_month,fpr,12,0.27702702702702703,0.375,0.09797297297297297,0.7387387387387387,3,12
extra_trees,created_month,fnr,12,0.14705882352941177,0.5,0.3529411764705882,0.29411764705882354,10,2
extra_trees,created_month,positive_rate_predicted,12,0.3370165745856354,0.5040650406504065,0.16704846606477108,0.6685973979682767,3,10
extra_trees,created_month,brier_score,12,0.13046286935625406,0.2040441529256643,0.07358128356941024,0.6393854834143825,3,7
extra_trees,created_month,ece,12,0.034495689823562554,0.11139199833203114,0.0768963085084686,0.3096783462016697,12,7
extra_trees,created_month,roc_auc,12,0.6661445279866332,0.8132848645076007,0.14714033652096759,0.819078968584946,2,10
extra_trees,created_month,pr_auc,12,0.36771972133413716,0.6667088865568063,0.2989891652226691,0.5515446527692353,2,7
extra_trees,created_year,precision,11,0.28695652173913044,0.5491803278688525,0.26222380612972207,0.5225178455548345,2010,2012
extra_trees,created_year,recall,11,0.2222222222222222,0.9230769230769231,0.7008547008547009,0.24074074074074073,2021,2008
extra_trees,created_year,f1,11,0.26666666666666666,0.6666666666666666,0.39999999999999997,0.4,2021,2009
extra_trees,created_year,fpr,11,0.05,0.6551724137931034,0.6051724137931034,0.07631578947368421,2021,2014
extra_trees,created_year,fnr,11,0.07692307692307693,0.7777777777777778,0.7008547008547008,0.09890109890109891,2008,2021
extra_trees,created_year,positive_rate_predicted,11,0.06741573033707865,0.717391304347826,0.6499755740107473,0.09397344228804903,2021,2008
extra_trees,created_year,brier_score,11,0.08901065480602079,0.20753402434343143,0.11852336953741065,0.428896683749187,2021,2020
extra_trees,created_year,ece,11,0.0366949166093863,0.19033401467432387,0.15363909806493758,0.19279221673632074,2011,2008
extra_trees,created_year,roc_auc,11,0.6293706293706295,0.8226600985221675,0.193289469151538,0.7650433398936395,2008,2009
extra_trees,created_year,pr_auc,11,0.26425224442360307,0.6383172031658163,0.37406495874221324,0.4139826454825439,2021,2013
extra_trees,has_description,precision,2,0.2653061224489796,0.42836041358936483,0.16305429114038522,0.6193525686136524,0,1
extra_trees,has_description,recall,2,0.3611111111111111,0.7304785894206549,0.3693674783095438,0.4943486590038314,0,1
extra_trees,has_description,f1,2,0.3058823529411765,0.5400372439478585,0.23415489100668196,0.5664097363083165,0,1
extra_trees,has_description,fpr,2,0.17142857142857143,0.3924949290060852,0.22106635757751375,0.4367663344407531,0,1
extra_trees,has_description,fnr,2,0.2695214105793451,0.6388888888888888,0.36936747830954375,0.42185959916767063,1,0
extra_trees,has_description,positive_rate_predicted,2,0.1991869918699187,0.4895155459146782,0.29032855404475955,0.4069063659617394,0,1
extra_trees,has_description,brier_score,2,0.11599937009846173,0.1786682881074101,0.06266891800894836,0.6492443137347705,0,1
extra_trees,has_description,ece,2,0.029594241336257772,0.03344745976348315,0.0038532184272253786,0.8847978754000267,0,1
extra_trees,has_description,roc_auc,2,0.706762566137566,0.7279929082724899,0.021230342134923808,0.970837158035917,0,1
extra_trees,has_description,pr_auc,2,0.34067864754368427,0.504668188291315,0.16398954074763072,0.6750547299149966,0,1
extra_trees,issuetype,precision,6,0.0,0.6,0.6,0.0,Sub-task,Story
extra_trees,issuetype,recall,6,0.0,0.9365079365079365,0.9365079365079365,0.0,Sub-task,Improvement
extra_trees,issuetype,f1,6,0.0,0.6923076923076923,0.6923076923076923,0.0,Sub-task,Story
extra_trees,issuetype,fpr,6,0.042682926829268296,0.7115384615384616,0.6688555347091932,0.05998681608437706,Sub-task,New Feature
extra_trees,issuetype,fnr,6,0.06349206349206349,1.0,0.9365079365079365,0.06349206349206349,Improvement,Sub-task
extra_trees,issuetype,positive_rate_predicted,6,0.04046242774566474,0.7823529411764706,0.7418905134308058,0.05171889260724065,Sub-task,Improvement
extra_trees,issuetype,brier_score,6,0.05317769853108015,0.21493036893525766,0.1617526704041775,0.24741826292169342,Sub-task,Improvement
extra_trees,issuetype,ece,6,0.0299648816845156,0.13330900592083234,0.10334412423631674,0.22477762456882108,Bug,Story
extra_trees,issuetype,roc_auc,6,0.6146153846153847,0.8617021276595744,0.24708674304418976,0.7132573599240267,New Feature,Story
extra_trees,issuetype,pr_auc,6,0.09305324260936358,0.7434550647016536,0.65040182209229,0.12516323719807543,Sub-task,Story
extra_trees,priority,precision,5,0.36,0.6666666666666666,0.30666666666666664,0.54,Critical,Blocker
extra_trees,priority,recall,5,0.391304347826087,1.0,0.6086956521739131,0.391304347826087,Critical,Trivial
extra_trees,priority,f1,5,0.375,0.6666666666666666,0.29166666666666663,0.5625,Critical,Blocker
extra_trees,priority,fpr,5,0.047619047619047616,0.7891156462585034,0.7414965986394557,0.06034482758620689,Blocker,Minor
extra_trees,priority,fnr,5,0.0,0.6086956521739131,0.6086956521739131,0.0,Trivial,Critical
extra_trees,priority,positive_rate_predicted,5,0.125,0.8565737051792829,0.7315737051792829,0.14593023255813953,Blocker,Minor
extra_trees,priority,brier_score,5,0.06769772054647478,0.22020138456837715,0.15250366402190235,0.30743548992287656,Blocker,Minor
extra_trees,priority,ece,5,0.0145931280698126,0.10007602184769804,0.08548289377788544,0.1458204253164793,Major,Trivial
extra_trees,priority,roc_auc,5,0.6190476190476191,0.8214285714285714,0.20238095238095233,0.7536231884057971,Trivial,Blocker
extra_trees,priority,pr_auc,5,0.3942197869648613,0.74375,0.3495302130351387,0.5300434110451917,Critical,Blocker
extra_trees,project_key,precision,9,0.2413793103448276,0.6521739130434783,0.41079460269865065,0.37011494252873567,REFAPP,PLVS
extra_trees,project_key,recall,9,0.5,1.0,0.5,0.5,SPFE,SAL
extra_trees,project_key,f1,9,0.358974358974359,0.759493670886076,0.400519311911717,0.47264957264957264,REFAPP,PLVS
extra_trees,project_key,fpr,9,0.12244897959183673,1.0,0.8775510204081632,0.12244897959183673,SPFE,SELENIUM
extra_trees,project_key,fnr,9,0.0,0.5,0.5,0.0,SAL,SPFE
extra_trees,project_key,positive_rate_predicted,9,0.19166666666666668,1.0,0.8083333333333333,0.19166666666666668,SPFE,SELENIUM
extra_trees,project_key,brier_score,9,0.12439842709124727,0.2320400230712679,0.10764159598002063,0.5361076311091385,SPFE,SELENIUM
extra_trees,project_key,ece,9,0.014018000077511653,0.18039433794172524,0.16637633786421357,0.07770753914704374,STRM,SVN
extra_trees,project_key,roc_auc,9,0.5618055555555556,0.8740344622697565,0.3122289067142009,0.6427727736233854,REFAPP,PLVS
extra_trees,project_key,pr_auc,9,0.29600465339217963,0.8030303030303031,0.5070256496381235,0.36860956837516706,REFAPP,SVN
extra_trees,status,precision,2,0.3918918918918919,0.4109195402298851,0.019027648337993197,0.9536949536949536,Resolved,Closed
extra_trees,status,recall,2,0.6651162790697674,0.7631578947368421,0.0980416156670747,0.8715316760224538,Closed,Resolved
extra_trees,status,f1,2,0.5079928952042628,0.5178571428571429,0.009864247652880076,0.9809517976358177,Closed,Resolved
extra_trees,status,fpr,2,0.32436708860759494,0.38461538461538464,0.06024829600778969,0.8433544303797468,Closed,Resolved
extra_trees,status,fnr,2,0.23684210526315788,0.33488372093023255,0.09804161566707467,0.7072368421052632,Resolved,Closed
extra_trees,status,positive_rate_predicted,2,0.41086186540731995,0.4774193548387097,0.06655748943138973,0.8605890424072242,Closed,Resolved
extra_trees,status,brier_score,2,0.15704100382643665,0.16442708419537366,0.007386080368937009,0.9550799042318308,Resolved,Closed
extra_trees,status,ece,2,0.021031768136347575,0.05550593332407824,0.034474165187730665,0.37891026916980214,Closed,Resolved
extra_trees,status,roc_auc,2,0.7357328157197527,0.7582096266306793,0.02247681091092657,0.9703554134351885,Closed,Resolved
extra_trees,status,pr_auc,2,0.48386530797496474,0.4906173736089427,0.006752065633977955,0.9862376140813964,Closed,Resolved
hist_gradient_boosting,created_month,precision,12,0.296875,0.5679012345679012,0.2710262345679012,0.5227581521739131,2,7
hist_gradient_boosting,created_month,recall,12,0.5,0.8529411764705882,0.3529411764705882,0.5862068965517242,2,10
hist_gradient_boosting,created_month,f1,12,0.37254901960784315,0.6301369863013698,0.2575879666935267,0.5912190963341859,2,7
hist_gradient_boosting,created_month,fpr,12,0.1891891891891892,0.42696629213483145,0.23777710294564225,0.4431009957325747,3,10
hist_gradient_boosting,created_month,fnr,12,0.14705882352941177,0.5,0.3529411764705882,0.29411764705882354,10,2
hist_gradient_boosting,created_month,positive_rate_predicted,12,0.26519337016574585,0.5447154471544715,0.27952207698872567,0.48684753030427974,3,10
hist_gradient_boosting,created_month,brier_score,12,0.12373491705414195,0.20257257847840154,0.07883766142425959,0.6108177028873366,3,7
hist_gradient_boosting,created_month,ece,12,0.03966153780306146,0.11770622511756211,0.07804468731450065,0.33695361280551206,5,2
hist_gradient_boosting,created_month,roc_auc,12,0.6571637426900585,0.8341044282881692,0.17694068559811071,0.7878674664738974,2,10
hist_gradient_boosting,created_month,pr_auc,12,0.37976428617481917,0.6715446173053625,0.29178033113054336,0.5655086443826473,2,10
hist_gradient_boosting,created_year,precision,11,0.2727272727272727,0.5681818181818182,0.2954545454545455,0.4799999999999999,2021,2009
hist_gradient_boosting,created_year,recall,11,0.3333333333333333,0.9230769230769231,0.5897435897435899,0.36111111111111105,2021,2008
hist_gradient_boosting,created_year,f1,11,0.3,0.6944444444444444,0.39444444444444443,0.432,2021,2009
hist_gradient_boosting,created_year,fpr,11,0.1,0.6818181818181818,0.5818181818181818,0.1466666666666667,2021,2020
hist_gradient_boosting,created_year,fnr,11,0.07692307692307693,0.6666666666666666,0.5897435897435896,0.11538461538461539,2008,2021
hist_gradient_boosting,created_year,positive_rate_predicted,11,0.12359550561797752,0.7272727272727273,0.6036772216547498,0.1699438202247191,2021,2020
hist_gradient_boosting,created_year,brier_score,11,0.08516598348969713,0.22065040373214947,0.13548442024245233,0.3859770118212939,2021,2020
hist_gradient_boosting,created_year,ece,11,0.03245833637602805,0.24821835041135543,0.21576001403532738,0.1307652569692654,2010,2020
hist_gradient_boosting,created_year,roc_auc,11,0.5950413223140496,0.8602216748768472,0.2651803525627976,0.6917302129119661,2020,2009
hist_gradient_boosting,created_year,pr_auc,11,0.31809653672398774,0.7561215380827474,0.43802500135875966,0.42069498182867043,2021,2009
hist_gradient_boosting,has_description,precision,2,0.32926829268292684,0.441400304414003,0.11213201173107618,0.7459629941126998,0,1
hist_gradient_boosting,has_description,recall,2,0.375,0.7304785894206549,0.3554785894206549,0.5133620689655173,0,1
hist_gradient_boosting,has_description,f1,2,0.35064935064935066,0.5502846299810247,0.19963527933167402,0.6372145096283027,0,1
hist_gradient_boosting,has_description,fpr,2,0.13095238095238096,0.372210953346856,0.24125857239447504,0.3518230180355521,0,1
hist_gradient_boosting,has_description,fnr,2,0.2695214105793451,0.625,0.3554785894206549,0.43123425692695216,1,0
hist_gradient_boosting,has_description,positive_rate_predicted,2,0.16666666666666666,0.4750542299349241,0.30838756326825745,0.3508371385083714,0,1
hist_gradient_boosting,has_description,brier_score,2,0.1110737449185295,0.1736959900222656,0.0626222451037361,0.6394721311890463,0,1
hist_gradient_boosting,has_description,ece,2,0.03726921789284293,0.04156821601609689,0.004298998123253961,0.896579681899526,1,0
hist_gradient_boosting,has_description,roc_auc,2,0.7302579365079365,0.7454463241042095,0.015188387596273056,0.9796251090049647,0,1
hist_gradient_boosting,has_description,pr_auc,2,0.38787914889696856,0.5381574530548907,0.15027830415792215,0.7207540222571365,0,1
hist_gradient_boosting,issuetype,precision,6,0.0,0.5357142857142857,0.5357142857142857,0.0,Sub-task,Story
hist_gradient_boosting,issuetype,recall,6,0.0,0.92,0.92,0.0,Sub-task,New Feature
hist_gradient_boosting,issuetype,f1,6,0.0,0.6128133704735376,0.6128133704735376,0.0,Sub-task,Improvement
hist_gradient_boosting,issuetype,fpr,6,0.018292682926829267,0.5747663551401869,0.5564736722133576,0.031826293872694825,Sub-task,Improvement
hist_gradient_boosting,issuetype,fnr,6,0.08,1.0,0.92,0.08,New Feature,Sub-task
hist_gradient_boosting,issuetype,positive_rate_predicted,6,0.017341040462427744,0.6852941176470588,0.667953077184631,0.025304522563199282,Sub-task,Improvement
hist_gradient_boosting,issuetype,brier_score,6,0.051494492532133694,0.2010893219965538,0.1495948294644201,0.2560777072639202,Sub-task,New Feature
hist_gradient_boosting,issuetype,ece,6,0.03832756074709988,0.12438585046778049,0.08605828972068061,0.30813441081088094,Sub-task,Story
hist_gradient_boosting,issuetype,roc_auc,6,0.6892307692307692,0.8152804642166345,0.12604969498586527,0.8453910028287251,New Feature,Story
hist_gradient_boosting,issuetype,pr_auc,6,0.10505896479285834,0.7315666230936804,0.626507658300822,0.1436081984557749,Sub-task,Story
hist_gradient_boosting,priority,precision,5,0.3548387096774194,1.0,0.6451612903225806,0.3548387096774194,Critical,Blocker
hist_gradient_boosting,priority,recall,5,0.4782608695652174,1.0,0.5217391304347826,0.4782608695652174,Critical,Trivial
hist_gradient_boosting,priority,f1,5,0.4074074074074074,0.8,0.39259259259259266,0.5092592592592592,Critical,Blocker
hist_gradient_boosting,priority,fpr,5,0.0,0.5925925925925926,0.5925925925925926,0.0,Blocker,Trivial
hist_gradient_boosting,priority,fnr,5,0.0,0.5217391304347826,0.5217391304347826,0.0,Trivial,Critical
hist_gradient_boosting,priority,positive_rate_predicted,5,0.08333333333333333,0.7317073170731707,0.6483739837398373,0.11388888888888889,Blocker,Trivial
hist_gradient_boosting,priority,brier_score,5,0.06702844608372296,0.22455414834021623,0.15752570225649326,0.2984956928169053,Blocker,Minor
hist_gradient_boosting,priority,ece,5,0.027486076064765625,0.24160056324053497,0.21411448717576934,0.11376660590563598,Major,Trivial
hist_gradient_boosting,priority,roc_auc,5,0.6800104657247513,0.9206349206349207,0.24062445491016937,0.7386320575975747,Minor,Trivial
hist_gradient_boosting,priority,pr_auc,5,0.42147464338721724,0.8179723502304148,0.3964977068431976,0.5152675921973303,Critical,Blocker
hist_gradient_boosting,project_key,precision,9,0.2765957446808511,0.75,0.4734042553191489,0.3687943262411348,REFAPP,PLVS
hist_gradient_boosting,project_key,recall,9,0.5648148148148148,0.9130434782608695,0.34822866344605474,0.6186067019400353,STRM,SELENIUM
hist_gradient_boosting,project_key,f1,9,0.3880597014925373,0.821917808219178,0.4338581067266407,0.4721393034825871,REFAPP,PLVS
hist_gradient_boosting,project_key,fpr,9,0.19387755102040816,0.75,0.5561224489795918,0.2585034013605442,SPFE,SAL
hist_gradient_boosting,project_key,fnr,9,0.08695652173913043,0.4351851851851852,0.34822866344605474,0.1998149861239593,SELENIUM,STRM
hist_gradient_boosting,project_key,positive_rate_predicted,9,0.275,0.8148148148148148,0.5398148148148147,0.3375,SPFE,SAL
hist_gradient_boosting,project_key,brier_score,9,0.11943809177031514,0.227282088516027,0.10784399674571185,0.5255059584772025,SPFE,SAL
hist_gradient_boosting,project_key,ece,9,0.04117081645351324,0.15263992576458973,0.1114691093110765,0.2697250817391597,UPM,SVN
hist_gradient_boosting,project_key,roc_auc,9,0.5614583333333334,0.910873440285205,0.3494151069518716,0.6163955479452056,REFAPP,PLVS
hist_gradient_boosting,project_key,pr_auc,9,0.2931986121336176,0.8400202353344781,0.5468216232008605,0.34903755862127794,REFAPP,PLVS
hist_gradient_boosting,status,precision,2,0.4287833827893175,0.45,0.02121661721068252,0.9528519617540389,Closed,Resolved
hist_gradient_boosting,status,recall,2,0.672093023255814,0.7105263157894737,0.03843329253365968,0.9459086993970716,Closed,Resolved
hist_gradient_boosting,status,f1,2,0.5235507246376812,0.5510204081632653,0.0274696835255841,0.9501476113794955,Closed,Resolved
hist_gradient_boosting,status,fpr,2,0.28205128205128205,0.3045886075949367,0.022537325543654674,0.9260073260073259,Resolved,Closed
hist_gradient_boosting,status,fnr,2,0.2894736842105263,0.32790697674418606,0.038433292533659735,0.8827920865994774,Resolved,Closed
hist_gradient_boosting,status,positive_rate_predicted,2,0.3870967741935484,0.39787485242030696,0.01077807822675858,0.972910883507227,Resolved,Closed
hist_gradient_boosting,status,brier_score,2,0.15256375568982725,0.15947924880611178,0.006915493116284532,0.9566370347988528,Resolved,Closed
hist_gradient_boosting,status,ece,2,0.029864676163837832,0.0674137244825064,0.03754904831866857,0.4430058774098381,Closed,Resolved
hist_gradient_boosting,status,roc_auc,2,0.7514792463938769,0.7771030139451193,0.025623767551242405,0.967026549773423,Closed,Resolved
hist_gradient_boosting,status,pr_auc,2,0.5107150065924027,0.5191896872894848,0.008474680697082126,0.9836771012511331,Resolved,Closed
logistic_regression,created_month,precision,12,0.27586206896551724,0.5529411764705883,0.27707910750507103,0.4988994864269992,2,7
logistic_regression,created_month,recall,12,0.42105263157894735,0.7441860465116279,0.32313341493268055,0.5657894736842105,2,11
logistic_regression,created_month,f1,12,0.3333333333333333,0.6266666666666667,0.2933333333333334,0.5319148936170213,2,7
logistic_regression,created_month,fpr,12,0.24,0.3888888888888889,0.1488888888888889,0.6171428571428571,5,8
logistic_regression,created_month,fnr,12,0.2558139534883721,0.5789473684210527,0.32313341493268055,0.4418604651162791,11,2
logistic_regression,created_month,positive_rate_predicted,12,0.30939226519337015,0.4796747967479675,0.17028253155459733,0.6450042138777039,3,10
logistic_regression,created_month,brier_score,12,0.13852797281469606,0.21096263363325632,0.07243466081856026,0.6566469636301431,3,7
logistic_regression,created_month,ece,12,0.037177733848596586,0.11264689188732843,0.07546915803873185,0.33003781307861085,12,7
logistic_regression,created_month,roc_auc,12,0.6105889724310777,0.7572649572649572,0.14667598483387956,0.8063082367317843,2,5
logistic_regression,created_month,pr_auc,12,0.30806150033337376,0.619714336346151,0.31165283601277727,0.49710242649816844,2,7
logistic_regression,created_year,precision,11,0.1,0.6060606060606061,0.5060606060606061,0.165,2021,2009
logistic_regression,created_year,recall,11,0.2222222222222222,0.8571428571428571,0.6349206349206349,0.25925925925925924,2021,2016
logistic_regression,created_year,f1,11,0.13793103448275862,0.6557377049180327,0.5178066704352742,0.2103448275862069,2021,2009
logistic_regression,created_year,fpr,11,0.20689655172413793,0.603448275862069,0.39655172413793105,0.34285714285714286,2012,2014
logistic_regression,created_year,fnr,11,0.14285714285714285,0.7777777777777778,0.6349206349206349,0.18367346938775508,2016,2021
logistic_regression,created_year,positive_rate_predicted,11,0.2247191011235955,0.6818181818181818,0.45709908069458627,0.32958801498127344,2021,2014
logistic_regression,created_year,brier_score,11,0.10632589816406848,0.2378726419955137,0.1315467438314452,0.4469866617367196,2021,2020
logistic_regression,created_year,ece,11,0.030492379469945503,0.21358694991437993,0.18309457044443442,0.14276330778715135,2008,2020
logistic_regression,created_year,roc_auc,11,0.4583333333333333,0.7875615763546797,0.3292282430213464,0.5819650768829815,2021,2009
logistic_regression,created_year,pr_auc,11,0.11728817811334151,0.6149886726274334,0.4977004945140919,0.1907159974382096,2021,2009
logistic_regression,has_description,precision,2,0.32075471698113206,0.40807799442896936,0.0873232774478373,0.7860132655032519,0,1
logistic_regression,has_description,recall,2,0.2361111111111111,0.7380352644836272,0.5019241533725161,0.3199184679560106,0,1
logistic_regression,has_description,f1,2,0.272,0.525560538116592,0.25356053811659196,0.5175426621160409,0,1
logistic_regression,has_description,fpr,2,0.08571428571428572,0.43103448275862066,0.3453201970443349,0.19885714285714287,0,1
logistic_regression,has_description,fnr,2,0.2619647355163728,0.7638888888888888,0.5019241533725161,0.342935653766888,1,0
logistic_regression,has_description,positive_rate_predicted,2,0.10772357723577236,0.5191612436731743,0.4114376664374019,0.20749541409063116,0,1
logistic_regression,has_description,brier_score,2,0.11753061754526446,0.18817161798650892,0.07064100044124445,0.6245926925796583,0,1
logistic_regression,has_description,ece,2,0.012305413128708613,0.029175301547270327,0.016869888418561713,0.4217750109204928,0,1
logistic_regression,has_description,roc_auc,2,0.6858300264550264,0.6943250851978071,0.00849505874278067,0.9877650124935923,0,1
logistic_regression,has_description,pr_auc,2,0.2853172361744449,0.45157172568068193,0.16625448950623706,0.6318314897691361,0,1
logistic_regression,issuetype,precision,6,0.0,0.475,0.475,0.0,Sub-task,Story
logistic_regression,issuetype,recall,6,0.0,0.9047619047619048,0.9047619047619048,0.0,Sub-task,Improvement
logistic_regression,issuetype,f1,6,0.0,0.6129032258064516,0.6129032258064516,0.0,Sub-task,Story
logistic_regression,issuetype,fpr,6,0.006097560975609756,0.6869158878504673,0.6808183268748575,0.008876721420275428,Sub-task,Improvement
logistic_regression,issuetype,fnr,6,0.09523809523809523,1.0,0.9047619047619048,0.09523809523809523,Improvement,Sub-task
logistic_regression,issuetype,positive_rate_predicted,6,0.005780346820809248,0.7676470588235295,0.7618667120027202,0.007529953712931588,Sub-task,Improvement
logistic_regression,issuetype,brier_score,6,0.052508698771041355,0.22950992692352282,0.17700122815248145,0.22878617702901485,Sub-task,New Feature
logistic_regression,issuetype,ece,6,0.025346431663659193,0.10757561749451006,0.08222918583085087,0.23561502368278486,Bug,New Feature
logistic_regression,issuetype,roc_auc,6,0.5731707317073171,0.8017408123791102,0.22857008067179307,0.7149077642766779,Sub-task,Story
logistic_regression,issuetype,pr_auc,6,0.06974608642066923,0.684876296267641,0.6151302098469718,0.10183749503488926,Sub-task,Story
logistic_regression,priority,precision,5,0.3715953307392996,1.0,0.6284046692607004,0.3715953307392996,Major,Blocker
logistic_regression,priority,recall,5,0.2608695652173913,0.9326923076923077,0.6718227424749164,0.27969520394441955,Critical,Minor
logistic_regression,priority,f1,5,0.32432432432432434,0.6666666666666666,0.3423423423423423,0.4864864864864865,Critical,Blocker
logistic_regression,priority,fpr,5,0.0,0.8027210884353742,0.8027210884353742,0.0,Blocker,Minor
logistic_regression,priority,fnr,5,0.0673076923076923,0.7391304347826086,0.6718227424749164,0.09106334841628959,Minor,Critical
logistic_regression,priority,positive_rate_predicted,5,0.0625,0.8565737051792829,0.7940737051792829,0.07296511627906976,Blocker,Minor
logistic_regression,priority,brier_score,5,0.08421778684528891,0.232455747039065,0.14823796019377608,0.3622959979179857,Blocker,Minor
logistic_regression,priority,ece,5,0.01767802256755569,0.25153906571806617,0.23386104315051048,0.07027943161468939,Critical,Trivial
logistic_regression,priority,roc_auc,5,0.6342883307169022,0.8928571428571429,0.25856881214024074,0.7104029304029303,Minor,Blocker
logistic_regression,priority,pr_auc,5,0.3119745678753055,0.7707692307692307,0.4587946628939252,0.4047574233911149,Critical,Blocker
logistic_regression,project_key,precision,9,0.24,0.5769230769230769,0.3369230769230769,0.41600000000000004,SPFE,PLVS
logistic_regression,project_key,recall,9,0.2727272727272727,1.0,0.7272727272727273,0.2727272727272727,SPFE,SAL
logistic_regression,project_key,f1,9,0.2553191489361702,0.7058823529411765,0.4505632040050063,0.36170212765957444,SPFE,PLVS
logistic_regression,project_key,fpr,9,0.19387755102040816,0.84375,0.6498724489795918,0.22978080120937264,SPFE,SAL
logistic_regression,project_key,fnr,9,0.0,0.7272727272727273,0.7272727272727273,0.0,SAL,SPFE
logistic_regression,project_key,positive_rate_predicted,9,0.20833333333333334,0.9074074074074074,0.6990740740740741,0.22959183673469388,SPFE,SAL
logistic_regression,project_key,brier_score,9,0.1475019212010626,0.24811191677738179,0.1006099955763192,0.5944975280385608,SPFE,SAL
logistic_regression,project_key,ece,9,0.02076062356875094,0.2235522268639192,0.20279160329516827,0.09286699515361282,STRM,SELENIUM
logistic_regression,project_key,roc_auc,9,0.5177865612648221,0.8366013071895424,0.31881474592472026,0.6189167490118578,SVN,PLVS
logistic_regression,project_key,pr_auc,9,0.25452445290347353,0.7177893294570464,0.4632648765535729,0.35459492424609057,REFAPP,PLVS
logistic_regression,status,precision,2,0.3888888888888889,0.4044943820224719,0.015605493133583004,0.9614197530864198,Resolved,Closed
logistic_regression,status,recall,2,0.5526315789473685,0.6697674418604651,0.11713586291309663,0.8251096491228072,Resolved,Closed
logistic_regression,status,f1,2,0.45652173913043476,0.5043782837127846,0.047856544582349836,0.9051177536231884,Resolved,Closed
logistic_regression,status,fpr,2,0.28205128205128205,0.33544303797468356,0.05339175592340151,0.8408321238509917,Resolved,Closed
logistic_regression,status,fnr,2,0.3302325581395349,0.4473684210526316,0.11713586291309669,0.7381668946648426,Closed,Resolved
logistic_regression,status,positive_rate_predicted,2,0.34838709677419355,0.4203069657615112,0.07191986898731767,0.8288872779992751,Resolved,Closed
logistic_regression,status,brier_score,2,0.17131920496348854,0.17191774980191352,0.0005985448384249747,0.9965184232627834,Closed,Resolved
logistic_regression,status,ece,2,0.02093950064313204,0.07725750010124934,0.056317999458117295,0.2710351825478421,Closed,Resolved
logistic_regression,status,roc_auc,2,0.6918578497525866,0.7112387768619369,0.019380927109350354,0.9727504633607561,Resolved,Closed
logistic_regression,status,pr_auc,2,0.4108410899342917,0.43659638356869046,0.025755293634398768,0.9410089166935424,Resolved,Closed
logistic_regression_balanced,created_month,precision,12,0.21323529411764705,0.391304347826087,0.17806905370843992,0.5449346405228758,3,7
logistic_regression_balanced,created_month,recall,12,0.8787878787878788,1.0,0.12121212121212122,0.8787878787878788,3,11
logistic_regression_balanced,created_month,f1,12,0.3431952662721893,0.5575221238938053,0.21432685762161596,0.6155724617263079,3,7
logistic_regression_balanced,created_month,fpr,12,0.722972972972973,0.9101123595505618,0.18713938657758877,0.7943777110443778,3,10
logistic_regression_balanced,created_month,fnr,12,0.0,0.12121212121212122,0.12121212121212122,0.0,11,3
logistic_regression_balanced,created_month,positive_rate_predicted,12,0.7513812154696132,0.926829268292683,0.17544805282306974,0.8107007851119511,3,10
logistic_regression_balanced,created_month,brier_score,12,0.19914318896181576,0.2340417438384775,0.03489855487666174,0.8508874771470394,3,10
logistic_regression_balanced,created_month,ece,12,0.11484641213340015,0.2627067744902458,0.1478603623568457,0.4371657805789258,7,6
logistic_regression_balanced,created_month,roc_auc,12,0.6191520467836258,0.7572649572649572,0.13811291048133145,0.8176161340144946,2,5
logistic_regression_balanced,created_month,pr_auc,12,0.3080243789852229,0.6099746800281749,0.301950301042952,0.5049789590790804,2,7
logistic_regression_balanced,created_year,precision,11,0.10526315789473684,0.38461538461538464,0.2793522267206478,0.27368421052631575,2021,2020
logistic_regression_balanced,created_year,recall,11,0.8888888888888888,1.0,0.11111111111111116,0.8888888888888888,2021,2008
logistic_regression_balanced,created_year,f1,11,0.18823529411764706,0.5405405405405406,0.3523052464228935,0.34823529411764703,2021,2020
logistic_regression_balanced,created_year,fpr,11,0.7272727272727273,0.9827586206896551,0.25548589341692785,0.7400318979266348,2020,2014
logistic_regression_balanced,created_year,fnr,11,0.0,0.1111111111111111,0.1111111111111111,0.0,2008,2021
logistic_regression_balanced,created_year,positive_rate_predicted,11,0.7816091954022989,0.9772727272727273,0.1956635318704284,0.7997861534349104,2015,2014
logistic_regression_balanced,created_year,brier_score,11,0.19189384654879252,0.2936495007055393,0.10175565415674678,0.6534792195720995,2021,2015
logistic_regression_balanced,created_year,ece,11,0.11434559827827398,0.3045880622834841,0.19024246400521014,0.37541063632313676,2012,2016
logistic_regression_balanced,created_year,roc_auc,11,0.46527777777777773,0.7875615763546797,0.322283798576902,0.5907827295630267,2021,2009
logistic_regression_balanced,created_year,pr_auc,11,0.1182765373380923,0.6114475390768236,0.4931710017387313,0.19343693412630086,2021,2009
logistic_regression_balanced,has_description,precision,2,0.190625,0.30256012412723043,0.11193512412723045,0.630040064102564,0,1
logistic_regression_balanced,has_description,recall,2,0.8472222222222222,0.982367758186398,0.13514553596417578,0.8624287749287749,0,1
logistic_regression_balanced,has_description,f1,2,0.3112244897959184,0.4626334519572954,0.151408962161377,0.6727237048665621,0,1
logistic_regression_balanced,has_description,fpr,2,0.6166666666666667,0.9117647058823529,0.2950980392156862,0.6763440860215054,0,1
logistic_regression_balanced,has_description,fnr,2,0.017632241813602016,0.1527777777777778,0.13514553596417578,0.115411037325395,1,0
logistic_regression_balanced,has_description,positive_rate_predicted,2,0.6504065040650406,0.9320318148951554,0.2816253108301148,0.6978372343847566,0,1
logistic_regression_balanced,has_description,brier_score,2,0.15395106060355335,0.23741076586471369,0.08345970526116034,0.6484586326269675,0,1
logistic_regression_balanced,has_description,ece,2,0.17872519335117107,0.2222978957450628,0.043572702393891743,0.8039895868206414,0,1
logistic_regression_balanced,has_description,roc_auc,2,0.6881448412698412,0.6942075709811415,0.006062729711300285,0.9912666903031154,0,1
logistic_regression_balanced,has_description,pr_auc,2,0.2801797788827278,0.44866116793050576,0.16848138904777793,0.6244796717645187,0,1
logistic_regression_balanced,issuetype,precision,6,0.0625,0.38650306748466257,0.32400306748466257,0.16170634920634921,Sub-task,Improvement
logistic_regression_balanced,issuetype,recall,6,0.4444444444444444,1.0,0.5555555555555556,0.4444444444444444,Sub-task,Improvement
logistic_regression_balanced,issuetype,f1,6,0.1095890410958904,0.5575221238938053,0.4479330827979149,0.19656447053707327,Sub-task,Improvement
logistic_regression_balanced,issuetype,fpr,6,0.36585365853658536,0.9787234042553191,0.6128697457187338,0.3738069989395546,Sub-task,Story
logistic_regression_balanced,issuetype,fnr,6,0.0,0.5555555555555556,0.5555555555555556,0.0,Improvement,Sub-task
logistic_regression_balanced,issuetype,positive_rate_predicted,6,0.3699421965317919,0.9855072463768116,0.6155650498450198,0.37538252295137703,Sub-task,Story
logistic_regression_balanced,issuetype,brier_score,6,0.08792321525159515,0.3015730638942551,0.21364984864265996,0.2915486353994299,Sub-task,New Feature
logistic_regression_balanced,issuetype,ece,6,0.17716729033215015,0.2703954117933146,0.09322812146116446,0.6552155939227757,Sub-task,New Feature
logistic_regression_balanced,issuetype,roc_auc,6,0.5575880758807588,0.8181818181818181,0.26059374230105936,0.6814965371875941,Sub-task,Story
logistic_regression_balanced,issuetype,pr_auc,6,0.06600384026903464,0.691933563228874,0.6259297229598394,0.09539043020406605,Sub-task,Story
logistic_regression_balanced,priority,precision,5,0.18018018018018017,0.5714285714285714,0.3912483912483912,0.3153153153153153,Critical,Blocker
logistic_regression_balanced,priority,recall,5,0.6666666666666666,1.0,0.33333333333333337,0.6666666666666666,Blocker,Minor
logistic_regression_balanced,priority,f1,5,0.29850746268656714,0.6153846153846154,0.3168771526980483,0.4850746268656716,Critical,Blocker
logistic_regression_balanced,priority,fpr,5,0.07142857142857142,1.0,0.9285714285714286,0.07142857142857142,Blocker,Trivial
logistic_regression_balanced,priority,fnr,5,0.0,0.3333333333333333,0.3333333333333333,0.0,Minor,Blocker
logistic_regression_balanced,priority,positive_rate_predicted,5,0.14583333333333334,1.0,0.8541666666666666,0.14583333333333334,Blocker,Trivial
logistic_regression_balanced,priority,brier_score,5,0.07520592239805411,0.28261572160944454,0.2074097992113904,0.26610664817148255,Blocker,Minor
logistic_regression_balanced,priority,ece,5,0.15175450354210773,0.2966121104771931,0.14485760693508537,0.5116261210574419,Blocker,Trivial
logistic_regression_balanced,priority,roc_auc,5,0.6315410779696495,0.8928571428571429,0.26131606488749337,0.7073260073260075,Minor,Blocker
logistic_regression_balanced,priority,pr_auc,5,0.3255566758693181,0.7707692307692307,0.44521255489991257,0.4223789207885365,Critical,Blocker
logistic_regression_balanced,project_key,precision,9,0.19801980198019803,0.4520547945205479,0.2540349925403499,0.4380438043804381,SPFE,PLVS
logistic_regression_balanced,project_key,recall,9,0.9090909090909091,1.0,0.09090909090909094,0.9090909090909091,SPFE,PLVS
logistic_regression_balanced,project_key,f1,9,0.3252032520325203,0.6226415094339622,0.2974382574014419,0.5222961320522296,SPFE,PLVS
logistic_regression_balanced,project_key,fpr,9,0.7843137254901961,1.0,0.21568627450980393,0.7843137254901961,PLVS,SAL
logistic_regression_balanced,project_key,fnr,9,0.0,0.09090909090909091,0.09090909090909091,0.0,PLVS,SPFE
logistic_regression_balanced,project_key,positive_rate_predicted,9,0.8416666666666667,1.0,0.15833333333333333,0.8416666666666667,SPFE,SAL
logistic_regression_balanced,project_key,brier_score,9,0.1881577132562192,0.32836903457243094,0.14021132131621175,0.573006871677834,UPM,SELENIUM
logistic_regression_balanced,project_key,ece,9,0.17395989749294793,0.3285879650745187,0.15462806758157077,0.5294165215500102,PLVS,REFAPP
logistic_regression_balanced,project_key,roc_auc,9,0.5098814229249011,0.8354129530600118,0.3255315301351107,0.6103345908837899,SVN,PLVS
logistic_regression_balanced,project_key,pr_auc,9,0.2546891152546741,0.7151665388077346,0.46047742355306054,0.35612560352623646,REFAPP,PLVS
logistic_regression_balanced,status,precision,2,0.2787433155080214,0.3113207547169811,0.032577439208959724,0.8953573164803111,Closed,Resolved
logistic_regression_balanced,status,recall,2,0.868421052631579,0.9697674418604652,0.10134638922888617,0.8954941310109807,Resolved,Closed
logistic_regression_balanced,status,f1,2,0.43302180685358255,0.4583333333333333,0.025311526479750768,0.9447748513169074,Closed,Resolved
logistic_regression_balanced,status,fpr,2,0.6239316239316239,0.8536392405063291,0.22970761657470518,0.7309078523165641,Resolved,Closed
logistic_regression_balanced,status,fnr,2,0.030232558139534883,0.13157894736842105,0.10134638922888617,0.22976744186046513,Closed,Resolved
logistic_regression_balanced,status,positive_rate_predicted,2,0.6838709677419355,0.8831168831168831,0.19924591537494762,0.7743833017077799,Resolved,Closed
logistic_regression_balanced,status,brier_score,2,0.1984153063843783,0.21891051757159763,0.020495211187219337,0.9063763065631778,Resolved,Closed
logistic_regression_balanced,status,ece,2,0.16761624512598086,0.21554505803651522,0.04792881291053436,0.777639008070346,Resolved,Closed
logistic_regression_balanced,status,roc_auc,2,0.6981556455240666,0.7102323741536649,0.012076728629598299,0.9829960882253652,Resolved,Closed
logistic_regression_balanced,status,pr_auc,2,0.42130817160083717,0.43202881078205735,0.010720639181220182,0.9751853605276608,Resolved,Closed
mlp_classifier,created_month,precision,12,0.2714285714285714,0.5217391304347826,0.2503105590062112,0.5202380952380952,3,7
mlp_classifier,created_month,recall,12,0.5757575757575758,0.8125,0.2367424242424242,0.7086247086247087,3,4
mlp_classifier,created_month,f1,12,0.36893203883495146,0.6114649681528662,0.24253292931791476,0.6033576051779935,3,7
mlp_classifier,created_month,fpr,12,0.3,0.4444444444444444,0.14444444444444443,0.675,5,8
mlp_classifier,created_month,fnr,12,0.1875,0.42424242424242425,0.23674242424242425,0.4419642857142857,4,3
mlp_classifier,created_month,positive_rate_predicted,12,0.38095238095238093,0.5284552845528455,0.14750290360046459,0.7208791208791209,5,10
mlp_classifier,created_month,brier_score,12,0.1443160954088892,0.19314848360238102,0.04883238819349181,0.7471769527633515,5,7
mlp_classifier,created_month,ece,12,0.04173733165076081,0.13426931059891167,0.09253197894815086,0.310847888207591,1,10
mlp_classifier,created_month,roc_auc,12,0.6631393298059964,0.7718253968253967,0.10868606701940031,0.8591830905455584,8,4
mlp_classifier,created_month,pr_auc,12,0.3633866328596792,0.6697839681442088,0.3063973352845296,0.5425430439407587,3,7
mlp_classifier,created_year,precision,11,0.16666666666666666,0.5405405405405406,0.37387387387387394,0.3083333333333333,2021,2009
mlp_classifier,created_year,recall,11,0.2222222222222222,0.9230769230769231,0.7008547008547009,0.24074074074074073,2021,2008
mlp_classifier,created_year,f1,11,0.19047619047619047,0.6153846153846154,0.42490842490842495,0.3095238095238095,2021,2009
mlp_classifier,created_year,fpr,11,0.125,0.6379310344827587,0.5129310344827587,0.19594594594594594,2021,2014
mlp_classifier,created_year,fnr,11,0.07692307692307693,0.7777777777777778,0.7008547008547008,0.09890109890109891,2008,2021
mlp_classifier,created_year,positive_rate_predicted,11,0.1348314606741573,0.7272727272727273,0.59244126659857,0.18539325842696627,2021,2014
mlp_classifier,created_year,brier_score,11,0.1031234030226356,0.2264993951131925,0.1233759920905569,0.455292178467408,2021,2015
mlp_classifier,created_year,ece,11,0.05277227284843094,0.16711630007394604,0.1143440272255151,0.3157817210235036,2010,2016
mlp_classifier,created_year,roc_auc,11,0.6033057851239669,0.7770935960591133,0.1737878109351464,0.7763618027268798,2020,2009
mlp_classifier,created_year,pr_auc,11,0.193811457783089,0.6474542912306451,0.4536428334475561,0.2993438462114491,2021,2014
mlp_classifier,has_description,precision,2,0.2988505747126437,0.40612516644474034,0.10727459173209664,0.7358583003580178,0,1
mlp_classifier,has_description,recall,2,0.3611111111111111,0.7682619647355163,0.40715085362440523,0.47003642987249544,0,1
mlp_classifier,has_description,f1,2,0.3270440251572327,0.5313588850174216,0.20431485986018888,0.6154861325909887,0,1
mlp_classifier,has_description,fpr,2,0.14523809523809525,0.45233265720081134,0.3070945619627161,0.32108691010036305,0,1
mlp_classifier,has_description,fnr,2,0.23173803526448364,0.6388888888888888,0.4071508536244052,0.36272040302267006,1,0
mlp_classifier,has_description,positive_rate_predicted,2,0.17682926829268292,0.5430224150397687,0.36619314674708575,0.32563898541781683,0,1
mlp_classifier,has_description,brier_score,2,0.11945216420472378,0.18543891854558067,0.06598675434085689,0.64415908559865,0,1
mlp_classifier,has_description,ece,2,0.03624846594324937,0.04605126714979607,0.009802801206546703,0.7871328670574895,0,1
mlp_classifier,has_description,roc_auc,2,0.6810681216931217,0.7124733677019839,0.03140524600886219,0.9559208141208746,0,1
mlp_classifier,has_description,pr_auc,2,0.29255868020596504,0.47056954096400094,0.1780108607580359,0.6217118932233356,0,1
mlp_classifier,issuetype,precision,6,0.0,0.5,0.5,0.0,Sub-task,Story
mlp_classifier,issuetype,recall,6,0.0,0.9047619047619048,0.9047619047619048,0.0,Sub-task,Improvement
mlp_classifier,issuetype,f1,6,0.0,0.6096256684491979,0.6096256684491979,0.0,Sub-task,Improvement
mlp_classifier,issuetype,fpr,6,0.042682926829268296,0.6261682242990654,0.583485297469797,0.06816527120495086,Sub-task,Improvement
mlp_classifier,issuetype,fnr,6,0.09523809523809523,1.0,0.9047619047619048,0.09523809523809523,Improvement,Sub-task
mlp_classifier,issuetype,positive_rate_predicted,6,0.04046242774566474,0.7294117647058823,0.6889493369602175,0.05547268319970166,Sub-task,Improvement
mlp_classifier,issuetype,brier_score,6,0.053798464025772465,0.250067829645517,0.19626936561974453,0.21513548584811704,Sub-task,New Feature
mlp_classifier,issuetype,ece,6,0.04015774557881777,0.1721756213382959,0.13201787575947813,0.23323711723342422,Sub-task,New Feature
mlp_classifier,issuetype,roc_auc,6,0.5715384615384616,0.8143133462282399,0.24277488468977837,0.7018655216517449,New Feature,Story
mlp_classifier,issuetype,pr_auc,6,0.08511234341634032,0.711074978096286,0.6259626346799456,0.11969531489380483,Sub-task,Story
mlp_classifier,priority,precision,5,0.25806451612903225,0.8,0.5419354838709678,0.3225806451612903,Critical,Blocker
mlp_classifier,priority,recall,5,0.34782608695652173,0.9326923076923077,0.584866220735786,0.3729269385925594,Critical,Minor
mlp_classifier,priority,f1,5,0.2962962962962963,0.7272727272727273,0.430976430976431,0.4074074074074074,Critical,Blocker
mlp_classifier,priority,fpr,5,0.023809523809523808,0.7777777777777778,0.753968253968254,0.030612244897959183,Blocker,Trivial
mlp_classifier,priority,fnr,5,0.0673076923076923,0.6521739130434783,0.584866220735786,0.1032051282051282,Minor,Critical
mlp_classifier,priority,positive_rate_predicted,5,0.10416666666666667,0.8292682926829268,0.7251016260162602,0.12561274509803924,Blocker,Trivial
mlp_classifier,priority,brier_score,5,0.059990409528680955,0.2379339005607527,0.17794349103207174,0.2521305681422364,Blocker,Trivial
mlp_classifier,priority,ece,5,0.038201063675179434,0.11396779844925758,0.07576673477407815,0.3351917313045919,Major,Trivial
mlp_classifier,priority,roc_auc,5,0.5582010582010583,0.8492063492063492,0.29100529100529093,0.6573208722741434,Trivial,Blocker
mlp_classifier,priority,pr_auc,5,0.30594900087154686,0.7429824561403507,0.4370334552688039,0.4117849598507243,Critical,Blocker
mlp_classifier,project_key,precision,9,0.25925925925925924,0.6530612244897959,0.3938019652305366,0.39699074074074076,REFAPP,PLVS
mlp_classifier,project_key,recall,9,0.45454545454545453,1.0,0.5454545454545454,0.45454545454545453,SPFE,SELENIUM
mlp_classifier,project_key,f1,9,0.3783783783783784,0.7804878048780488,0.4021094264996704,0.4847972972972973,REFAPP,PLVS
mlp_classifier,project_key,fpr,9,0.1836734693877551,0.84375,0.6600765306122449,0.217687074829932,SPFE,SAL
mlp_classifier,project_key,fnr,9,0.0,0.5454545454545454,0.5454545454545454,0.0,SELENIUM,SPFE
mlp_classifier,project_key,positive_rate_predicted,9,0.23333333333333334,0.8888888888888888,0.6555555555555554,0.2625,SPFE,SAL
mlp_classifier,project_key,brier_score,9,0.13563631025898054,0.25549647692850175,0.1198601666695212,0.5308735051440144,PLVS,SAL
mlp_classifier,project_key,ece,9,0.030619272634141072,0.20057844203211062,0.16995916939796954,0.1526548532530691,UPM,SAL
mlp_classifier,project_key,roc_auc,9,0.5340909090909091,0.8722519310754605,0.33816102198455145,0.6123126702997275,SAL,PLVS
mlp_classifier,project_key,pr_auc,9,0.27109284537600215,0.6901780536090399,0.4190852082330378,0.39278682357171285,REFAPP,PLVS
mlp_classifier,status,precision,2,0.39295039164490864,0.43478260869565216,0.041832217050743525,0.9037859007832899,Closed,Resolved
mlp_classifier,status,recall,2,0.7,0.7894736842105263,0.08947368421052637,0.8866666666666666,Closed,Resolved
mlp_classifier,status,f1,2,0.5033444816053512,0.5607476635514018,0.05740318194605065,0.8976309921962097,Closed,Resolved
mlp_classifier,status,fpr,2,0.3333333333333333,0.36787974683544306,0.03454641350210974,0.9060931899641577,Resolved,Closed
mlp_classifier,status,fnr,2,0.21052631578947367,0.3,0.08947368421052632,0.7017543859649122,Resolved,Closed
mlp_classifier,status,positive_rate_predicted,2,0.44516129032258067,0.45218417945690675,0.007022889134326082,0.9844689631938011,Resolved,Closed
mlp_classifier,status,brier_score,2,0.15585932645719464,0.16972332968460005,0.013864003227405414,0.9183140982847252,Resolved,Closed
mlp_classifier,status,ece,2,0.03591134370027706,0.05556471874511697,0.01965337504483991,0.64629758795338,Closed,Resolved
mlp_classifier,status,roc_auc,2,0.7192624006476301,0.7663067926225821,0.047044391974951916,0.9386089325739254,Closed,Resolved
mlp_classifier,status,pr_auc,2,0.4568325013572601,0.5052808689209675,0.04844836756370735,0.9041159668934837,Closed,Resolved
random_forest,created_month,precision,12,0.3230769230769231,0.5555555555555556,0.23247863247863249,0.5815384615384616,9,7
random_forest,created_month,recall,12,0.6052631578947368,0.8529411764705882,0.24767801857585137,0.7096188747731398,2,10
random_forest,created_month,f1,12,0.4329896907216495,0.6451612903225806,0.21217159960093113,0.6711340206185568,9,7
random_forest,created_month,fpr,12,0.22666666666666666,0.4044943820224719,0.17782771535580524,0.5603703703703704,5,10
random_forest,created_month,fnr,12,0.14705882352941177,0.39473684210526316,0.2476780185758514,0.37254901960784315,10,2
random_forest,created_month,positive_rate_predicted,12,0.31216931216931215,0.5284552845528455,0.21628597238353336,0.5907203907203907,5,10
random_forest,created_month,brier_score,12,0.12427659217679528,0.1963894685960975,0.07211287641930221,0.6328068050959877,3,7
random_forest,created_month,ece,12,0.04373327066826208,0.1327574260775025,0.08902415540924041,0.32942240566438086,1,7
random_forest,created_month,roc_auc,12,0.6676065162907268,0.8311302048909451,0.16352368860021838,0.8032514188054629,2,10
random_forest,created_month,pr_auc,12,0.41116659110950027,0.7396407978539677,0.3284742067444675,0.5559003671815838,2,10
random_forest,created_year,precision,11,0.2962962962962963,0.5777777777777777,0.28148148148148144,0.5128205128205129,2010,2009
random_forest,created_year,recall,11,0.3333333333333333,0.9285714285714286,0.5952380952380953,0.3589743589743589,2021,2009
random_forest,created_year,f1,11,0.3380281690140845,0.7123287671232876,0.37430059810920313,0.4745395449620802,2010,2009
random_forest,created_year,fpr,11,0.0625,0.6724137931034483,0.6099137931034483,0.09294871794871795,2021,2014
random_forest,created_year,fnr,11,0.07142857142857142,0.6666666666666666,0.5952380952380952,0.10714285714285714,2009,2021
random_forest,created_year,positive_rate_predicted,11,0.0898876404494382,0.75,0.6601123595505618,0.1198501872659176,2021,2014
random_forest,created_year,brier_score,11,0.08562176276400883,0.19978496571732868,0.11416320295331985,0.4285695996021701,2021,2008
random_forest,created_year,ece,11,0.026921566040482466,0.15097461353971012,0.12405304749922766,0.17831849613181106,2011,2009
random_forest,created_year,roc_auc,11,0.6503496503496504,0.8620689655172413,0.2117193151675909,0.7544055944055945,2008,2009
random_forest,created_year,pr_auc,11,0.30128699646731333,0.7350551780496349,0.4337681815823216,0.4098835100607492,2021,2009
random_forest,has_description,precision,2,0.2978723404255319,0.43884892086330934,0.14097658043777744,0.6787582839204743,0,1
random_forest,has_description,recall,2,0.3888888888888889,0.7682619647355163,0.37937307584662744,0.5061930783242259,0,1
random_forest,has_description,f1,2,0.3373493975903614,0.5586080586080586,0.2212586610176972,0.6039107248666797,0,1
random_forest,has_description,fpr,2,0.15714285714285714,0.39553752535496955,0.23839466821211241,0.3972893772893773,0,1
random_forest,has_description,fnr,2,0.23173803526448364,0.6111111111111112,0.3793730758466275,0.379207694069155,1,0
random_forest,has_description,positive_rate_predicted,2,0.1910569105691057,0.502530730296457,0.31147381972735133,0.38018950693104053,0,1
random_forest,has_description,brier_score,2,0.11446397979680709,0.17342642211904194,0.058962442322234854,0.660014652889729,0,1
random_forest,has_description,ece,2,0.030871940311992502,0.032370559367203226,0.0014986190552107245,0.9537042582980795,0,1
random_forest,has_description,roc_auc,2,0.7257771164021163,0.7471732721578164,0.021396155755700086,0.971363863573561,0,1
random_forest,has_description,pr_auc,2,0.331328263992603,0.5393347995258491,0.20800653553324605,0.6143276204018117,0,1
random_forest,issuetype,precision,6,0.0,0.59375,0.59375,0.0,Sub-task,Story
random_forest,issuetype,recall,6,0.0,0.92,0.92,0.0,Sub-task,New Feature
random_forest,issuetype,f1,6,0.0,0.7037037037037037,0.7037037037037037,0.0,Sub-task,Story
random_forest,issuetype,fpr,6,0.042682926829268296,0.6346153846153846,0.5919324577861163,0.0672579453067258,Sub-task,New Feature
random_forest,issuetype,fnr,6,0.08,1.0,0.92,0.08,New Feature,Sub-task
random_forest,issuetype,positive_rate_predicted,6,0.04046242774566474,0.7272727272727273,0.6868102995270625,0.05563583815028902,Sub-task,New Feature
random_forest,issuetype,brier_score,6,0.05276962721880052,0.20585928621167943,0.1530896589928789,0.2563383376572042,Sub-task,New Feature
random_forest,issuetype,ece,6,0.028833643055705762,0.1364627757122129,0.10762913265650714,0.2112931010322785,Bug,New Feature
random_forest,issuetype,roc_auc,6,0.6592307692307693,0.8549323017408125,0.19570153251004319,0.7710911938739993,New Feature,Story
random_forest,issuetype,pr_auc,6,0.1104043937655015,0.7699782083749473,0.6595738146094459,0.14338638751674795,Sub-task,Story
random_forest,priority,precision,5,0.3931947069943289,0.6666666666666666,0.2734719596723377,0.5897920604914934,Major,Blocker
random_forest,priority,recall,5,0.5217391304347826,0.9285714285714286,0.406832298136646,0.5618729096989966,Critical,Trivial
random_forest,priority,f1,5,0.47058823529411764,0.6666666666666666,0.196078431372549,0.7058823529411765,Critical,Blocker
random_forest,priority,fpr,5,0.047619047619047616,0.6870748299319728,0.6394557823129252,0.0693069306930693,Blocker,Minor
random_forest,priority,fnr,5,0.07142857142857142,0.4782608695652174,0.406832298136646,0.14935064935064934,Trivial,Critical
random_forest,priority,positive_rate_predicted,5,0.125,0.7848605577689243,0.6598605577689243,0.15926395939086296,Blocker,Minor
random_forest,priority,brier_score,5,0.07045158066167545,0.21761111465282526,0.1471595339911498,0.3237499186292632,Blocker,Minor
random_forest,priority,ece,5,0.016046056919187427,0.1001240150127178,0.08407795809353037,0.16026182047483065,Major,Trivial
random_forest,priority,roc_auc,5,0.6481481481481481,0.8214285714285715,0.17328042328042337,0.789049919484702,Trivial,Blocker
random_forest,priority,pr_auc,5,0.42594420835983593,0.754025044722719,0.3280808363628831,0.5648939797702214,Trivial,Blocker
random_forest,project_key,precision,9,0.24,0.6530612244897959,0.4130612244897959,0.3675,REFAPP,PLVS
random_forest,project_key,recall,9,0.5740740740740741,1.0,0.42592592592592593,0.5740740740740741,STRM,SELENIUM
random_forest,project_key,f1,9,0.34285714285714286,0.7804878048780488,0.43763066202090595,0.4392857142857143,REFAPP,PLVS
random_forest,project_key,fpr,9,0.16326530612244897,1.0,0.8367346938775511,0.16326530612244897,SPFE,SELENIUM
random_forest,project_key,fnr,9,0.0,0.42592592592592593,0.42592592592592593,0.0,SELENIUM,STRM
random_forest,project_key,positive_rate_predicted,9,0.24166666666666667,1.0,0.7583333333333333,0.24166666666666667,SPFE,SELENIUM
random_forest,project_key,brier_score,9,0.11760816253922558,0.21931110989821398,0.1017029473589884,0.5362617634547084,SPFE,SAL
random_forest,project_key,ece,9,0.027966354439299693,0.20601187836442897,0.1780455239251293,0.13575117445329066,STRM,SVN
random_forest,project_key,roc_auc,9,0.5597222222222222,0.8805704099821747,0.3208481877599525,0.6356359649122807,REFAPP,PLVS
random_forest,project_key,pr_auc,9,0.27916289015709705,0.7535521829999303,0.47438929284283327,0.37046258567752416,REFAPP,PLVS
random_forest,status,precision,2,0.422316384180791,0.44,0.01768361581920902,0.9598099640472523,Closed,Resolved
random_forest,status,recall,2,0.6953488372093023,0.868421052631579,0.1730722154222767,0.8007047216349541,Closed,Resolved
random_forest,status,f1,2,0.5254833040421792,0.584070796460177,0.058587492417997766,0.8996911114661553,Closed,Resolved
random_forest,status,fpr,2,0.3235759493670886,0.358974358974359,0.035398409607270365,0.9013901446654611,Closed,Resolved
random_forest,status,fnr,2,0.13157894736842105,0.30465116279069765,0.1730722154222766,0.4319003615910004,Resolved,Closed
random_forest,status,positive_rate_predicted,2,0.4179456906729634,0.4838709677419355,0.06592527706897211,0.863754427390791,Closed,Resolved
random_forest,status,brier_score,2,0.15368771370530906,0.15999737144496176,0.0063096577396526965,0.9605639912539239,Resolved,Closed
random_forest,status,ece,2,0.02217441610097855,0.05174995680807596,0.02957554070709741,0.4284914900164336,Closed,Resolved
random_forest,status,roc_auc,2,0.7517671842802471,0.771030139451192,0.019262955170944895,0.9750165989819075,Closed,Resolved
random_forest,status,pr_auc,2,0.48577946277313316,0.5156225465111813,0.02984308373804817,0.9421222288668849,Resolved,Closed
random_forest_balanced,created_month,precision,12,0.25688073394495414,0.425531914893617,0.16865118094866288,0.6036697247706422,9,7
random_forest_balanced,created_month,recall,12,0.8421052631578947,0.9791666666666666,0.13706140350877194,0.8600223964165733,2,4
random_forest_balanced,created_month,f1,12,0.3971631205673759,0.5825242718446602,0.18536115127728425,0.6817966903073287,9,7
random_forest_balanced,created_month,fpr,12,0.5472972972972973,0.7640449438202247,0.21674764652292744,0.7163155802861685,3,10
random_forest_balanced,created_month,fnr,12,0.020833333333333332,0.15789473684210525,0.1370614035087719,0.13194444444444445,4,2
random_forest_balanced,created_month,positive_rate_predicted,12,0.6077348066298343,0.8211382113821138,0.2134034047522796,0.7401126853016793,3,10
random_forest_balanced,created_month,brier_score,12,0.1532113190995808,0.1903433655252159,0.03713204642563511,0.8049207214384574,3,9
random_forest_balanced,created_month,ece,12,0.12672143433503832,0.18691390483431655,0.06019247049927823,0.677966866335419,7,9
random_forest_balanced,created_month,roc_auc,12,0.6811821219715957,0.8265036351619298,0.14532151319033415,0.8241731711659531,2,10
random_forest_balanced,created_month,pr_auc,12,0.4022250629024282,0.6929893568185589,0.2907642939161307,0.5804202603471446,2,10
random_forest_balanced,created_year,precision,11,0.19444444444444445,0.417910447761194,0.22346600331674957,0.4652777777777778,2021,2009
random_forest_balanced,created_year,recall,11,0.7777777777777778,1.0,0.2222222222222222,0.7777777777777778,2021,2008
random_forest_balanced,created_year,f1,11,0.3111111111111111,0.5894736842105263,0.27836257309941514,0.5277777777777778,2021,2009
random_forest_balanced,created_year,fpr,11,0.3625,0.9545454545454546,0.5920454545454545,0.37976190476190474,2021,2020
random_forest_balanced,created_year,fnr,11,0.0,0.2222222222222222,0.2222222222222222,0.0,2008,2021
random_forest_balanced,created_year,positive_rate_predicted,11,0.4044943820224719,0.9696969696969697,0.5652025876744978,0.41713483146067415,2021,2020
random_forest_balanced,created_year,brier_score,11,0.10039687153637249,0.23971278622578343,0.13931591468941096,0.4188215118479726,2021,2008
random_forest_balanced,created_year,ece,11,0.08387293842404002,0.21727302019055175,0.13340008176651175,0.386025556005445,2012,2015
random_forest_balanced,created_year,roc_auc,11,0.6317016317016317,0.8663793103448276,0.23467767864319589,0.7291282515163112,2008,2009
random_forest_balanced,created_year,pr_auc,11,0.33874667058622004,0.7262161956496288,0.38746952506340876,0.46645430467603094,2010,2009
random_forest_balanced,has_description,precision,2,0.24066390041493776,0.3360142984807864,0.09535039806584863,0.7162311291604132,0,1
random_forest_balanced,has_description,recall,2,0.8055555555555556,0.947103274559194,0.14154771900363838,0.8505466903073287,0,1
random_forest_balanced,has_description,f1,2,0.3706070287539936,0.49604221635883905,0.12543518760484546,0.7471279994561892,0,1
random_forest_balanced,has_description,fpr,2,0.4357142857142857,0.7535496957403651,0.3178354100260794,0.5782157277446645,0,1
random_forest_balanced,has_description,fnr,2,0.05289672544080604,0.19444444444444445,0.1415477190036384,0.2720403022670025,1,0
random_forest_balanced,has_description,positive_rate_predicted,2,0.4898373983739837,0.8091106290672451,0.31927323069326136,0.605402253754441,0,1
random_forest_balanced,has_description,brier_score,2,0.1335003300798061,0.19224155726601458,0.05874122718620847,0.6944405360547241,0,1
random_forest_balanced,has_description,ece,2,0.1314740319395788,0.1402406872567117,0.008766655317132915,0.937488502883008,0,1
random_forest_balanced,has_description,roc_auc,2,0.7330853174603176,0.7502005405653966,0.01711522310507907,0.9771858027559138,0,1
random_forest_balanced,has_description,pr_auc,2,0.3350961267101473,0.5360540617821707,0.20095793507202342,0.6251162906891954,0,1
random_forest_balanced,issuetype,precision,6,0.0847457627118644,0.4489795918367347,0.3642338291248703,0.18875192604006163,Sub-task,Story
random_forest_balanced,issuetype,recall,6,0.5555555555555556,1.0,0.4444444444444444,0.5555555555555556,Sub-task,Story
random_forest_balanced,issuetype,f1,6,0.14705882352941177,0.6197183098591549,0.4726594863297431,0.23729946524064174,Sub-task,Story
random_forest_balanced,issuetype,fpr,6,0.32926829268292684,0.8738317757009346,0.5445634830180077,0.3768097039259163,Sub-task,Improvement
random_forest_balanced,issuetype,fnr,6,0.0,0.4444444444444444,0.4444444444444444,0.0,Story,Sub-task
random_forest_balanced,issuetype,positive_rate_predicted,6,0.34104046242774566,0.9176470588235294,0.5766065963957837,0.37164665777382544,Sub-task,Improvement
random_forest_balanced,issuetype,brier_score,6,0.07691371508984839,0.22881013852704263,0.15189642343719423,0.33614644694058476,Sub-task,New Feature
random_forest_balanced,issuetype,ece,6,0.12282885244007748,0.1786295634439034,0.05580071100382593,0.6876177160823129,Story,New Feature
random_forest_balanced,issuetype,roc_auc,6,0.676923076923077,0.8471953578336557,0.17027228091057878,0.7990165086055497,New Feature,Story
random_forest_balanced,issuetype,pr_auc,6,0.12080860372211402,0.7382569291385273,0.6174483254164133,0.16364032487048338,Sub-task,Story
random_forest_balanced,priority,precision,5,0.2463768115942029,0.4444444444444444,0.1980676328502415,0.5543478260869565,Critical,Minor
random_forest_balanced,priority,recall,5,0.7391304347826086,1.0,0.26086956521739135,0.7391304347826086,Critical,Minor
random_forest_balanced,priority,f1,5,0.3695652173913043,0.6153846153846154,0.2458193979933111,0.6005434782608695,Critical,Minor
random_forest_balanced,priority,fpr,5,0.23809523809523808,0.8843537414965986,0.6462585034013606,0.2692307692307692,Blocker,Minor
random_forest_balanced,priority,fnr,5,0.0,0.2608695652173913,0.2608695652173913,0.0,Minor,Critical
random_forest_balanced,priority,positive_rate_predicted,5,0.3125,0.9322709163346613,0.6197709163346613,0.3352029914529915,Blocker,Minor
random_forest_balanced,priority,brier_score,5,0.0801743356170868,0.23119591099208167,0.1510215753749949,0.3467809412071856,Blocker,Minor
random_forest_balanced,priority,ece,5,0.12079331721856659,0.18074794178418974,0.059954624565623144,0.6682970551487217,Trivial,Blocker
random_forest_balanced,priority,roc_auc,5,0.6746031746031746,0.8253968253968254,0.1507936507936507,0.8173076923076924,Trivial,Blocker
random_forest_balanced,priority,pr_auc,5,0.45578621079777565,0.7651515151515151,0.3093653043537395,0.5956809883693701,Critical,Blocker
random_forest_balanced,project_key,precision,9,0.2261904761904762,0.55,0.3238095238095239,0.4112554112554112,REFAPP,PLVS
random_forest_balanced,project_key,recall,9,0.88,1.0,0.12,0.88,UPM,PLVS
random_forest_balanced,project_key,f1,9,0.36538461538461536,0.7096774193548387,0.3442928039702234,0.5148601398601398,REFAPP,PLVS
random_forest_balanced,project_key,fpr,9,0.47959183673469385,1.0,0.5204081632653061,0.47959183673469385,SPFE,SELENIUM
random_forest_balanced,project_key,fnr,9,0.0,0.12,0.12,0.0,PLVS,UPM
random_forest_balanced,project_key,positive_rate_predicted,9,0.5583333333333333,1.0,0.44166666666666665,0.5583333333333333,SPFE,SELENIUM
random_forest_balanced,project_key,brier_score,9,0.12897522760948404,0.2627732280425408,0.13379800043305673,0.4908233177719461,SPFE,SELENIUM
random_forest_balanced,project_key,ece,9,0.11448601852583204,0.238658004813182,0.12417198628734996,0.47970743162564367,UPM,SELENIUM
random_forest_balanced,project_key,roc_auc,9,0.5840277777777778,0.8740344622697565,0.29000668449197864,0.6681976546566961,REFAPP,PLVS
random_forest_balanced,project_key,pr_auc,9,0.2872434966034222,0.746932199516009,0.4596887029125868,0.3845643510743651,REFAPP,PLVS
random_forest_balanced,status,precision,2,0.31865492393915135,0.35353535353535354,0.03488042959620219,0.9013382134278852,Closed,Resolved
random_forest_balanced,status,recall,2,0.9210526315789473,0.9255813953488372,0.004528763769889865,0.9951071145199682,Resolved,Closed
random_forest_balanced,status,f1,2,0.47409172126265636,0.5109489051094891,0.03685718384683273,0.9278652258997703,Closed,Resolved
random_forest_balanced,status,fpr,2,0.5470085470085471,0.6732594936708861,0.12625094666233905,0.8124780298693343,Resolved,Closed
random_forest_balanced,status,fnr,2,0.07441860465116279,0.07894736842105263,0.0045287637698898375,0.9426356589147287,Closed,Resolved
random_forest_balanced,status,positive_rate_predicted,2,0.6387096774193548,0.7373081463990555,0.0985984689797007,0.8662723727368992,Resolved,Closed
random_forest_balanced,status,brier_score,2,0.17115863606855672,0.17868794440393088,0.0075293083353741574,0.9578633669971944,Resolved,Closed
random_forest_balanced,status,ece,2,0.12257209898830385,0.1381666348297992,0.015594535841495366,0.8871324045728876,Resolved,Closed
random_forest_balanced,status,roc_auc,2,0.7561902045922874,0.771255060728745,0.015064856136457583,0.9804670894188713,Closed,Resolved
random_forest_balanced,status,pr_auc,2,0.4697047902989784,0.5135449880092509,0.04384019771027248,0.9146322158060225,Resolved,Closed
