row_index,worlds,mean_probability,std_probability,min_probability,max_probability,probability_range,baseline_probability
20,20,0.4699999999999999,0.0,0.47,0.47,0.0,0.47
26,20,0.25,0.0,0.25,0.25,0.0,0.25
39,20,0.045,0.0,0.045,0.045,0.0,0.045
67,20,0.41,0.0,0.41,0.41,0.0,0.41
97,20,0.43,0.0,0.43,0.43,0.0,0.43
98,20,0.05,0.0,0.05,0.05,0.0,0.05
116,20,0.325,0.0,0.325,0.325,0.0,0.325
134,20,0.09,0.0,0.09,0.09,0.0,0.09
162,20,0.44000000000000006,0.0,0.44,0.44,0.0,0.44
164,20,0.12,0.0,0.12,0.12,0.0,0.12
184,20,0.185,0.0,0.185,0.185,0.0,0.185
186,20,0.05500000000000001,0.0,0.055,0.055,0.0,0.055
187,20,0.23000000000000004,0.0,0.23,0.23,0.0,0.23
198,20,0.11000000000000001,0.0,0.11,0.11,0.0,0.11
200,20,0.595,0.0,0.595,0.595,0.0,0.595
209,20,0.1333009995859703,0.0,0.1333009995859703,0.1333009995859703,0.0,0.1333009995859703
212,20,0.335,0.0,0.335,0.335,0.0,0.335
225,20,0.485,0.0,0.485,0.485,0.0,0.485
226,20,0.315,0.0,0.315,0.315,0.0,0.315
239,20,0.445,0.0,0.445,0.445,0.0,0.445
255,20,0.24,0.0,0.24,0.24,0.0,0.24
264,20,0.05,0.0,0.05,0.05,0.0,0.05
295,20,0.01,0.0,0.01,0.01,0.0,0.01
305,20,0.15,0.0,0.15,0.15,0.0,0.15
309,20,0.11500000000000002,0.0,0.115,0.115,0.0,0.115
310,20,0.045,0.0,0.045,0.045,0.0,0.045
314,20,0.145,0.0,0.145,0.145,0.0,0.145
331,20,0.185,0.0,0.185,0.185,0.0,0.185
332,20,0.10500000000000001,0.0,0.105,0.105,0.0,0.105
340,20,0.04,0.0,0.04,0.04,0.0,0.04
343,20,0.02,0.0,0.02,0.02,0.0,0.02
350,20,0.02,0.0,0.02,0.02,0.0,0.02
363,20,0.275,0.0,0.275,0.275,0.0,0.275
391,20,0.21000000000000002,0.0,0.21,0.21,0.0,0.21
395,20,0.01,0.0,0.01,0.01,0.0,0.01
430,20,0.535,0.0,0.535,0.535,0.0,0.535
443,20,0.305,0.0,0.305,0.305,0.0,0.305
446,20,0.225,0.0,0.225,0.225,0.0,0.225
463,20,0.23376133938100324,0.0,0.2337613393810032,0.2337613393810032,0.0,0.2337613393810032
485,20,0.225,0.0,0.225,0.225,0.0,0.225
490,20,0.12,0.0,0.12,0.12,0.0,0.12
492,20,0.255,0.0,0.255,0.255,0.0,0.255
505,20,0.55,0.0,0.55,0.55,0.0,0.55
509,20,0.8400000000000001,0.0,0.84,0.84,0.0,0.84
529,20,0.125,0.0,0.125,0.125,0.0,0.125
544,20,0.57,0.0,0.57,0.57,0.0,0.57
548,20,0.4699999999999999,0.0,0.47,0.47,0.0,0.47
552,20,0.23000000000000004,0.0,0.23,0.23,0.0,0.23
561,20,0.095,0.0,0.095,0.095,0.0,0.095
580,20,0.265,0.0,0.265,0.265,0.0,0.265
619,20,0.11000000000000001,0.0,0.11,0.11,0.0,0.11
620,20,0.26,0.0,0.26,0.26,0.0,0.26
628,20,0.205,0.0,0.205,0.205,0.0,0.205
632,20,0.28,0.0,0.28,0.28,0.0,0.28
643,20,0.675,0.0,0.675,0.675,0.0,0.675
645,20,0.29,0.0,0.29,0.29,0.0,0.29
655,20,0.505,0.0,0.505,0.505,0.0,0.505
661,20,0.38,0.0,0.38,0.38,0.0,0.38
664,20,0.045,0.0,0.045,0.045,0.0,0.045
679,20,0.44000000000000006,0.0,0.44,0.44,0.0,0.44
725,20,0.43499999999999994,0.0,0.435,0.435,0.0,0.435
746,20,0.305,0.0,0.305,0.305,0.0,0.305
756,20,0.075,0.0,0.075,0.075,0.0,0.075
759,20,0.025,0.0,0.025,0.025,0.0,0.025
774,20,0.08,0.0,0.08,0.08,0.0,0.08
781,20,0.45499999999999996,0.0,0.455,0.455,0.0,0.455
789,20,0.45,0.0,0.45,0.45,0.0,0.45
793,20,0.05,0.0,0.05,0.05,0.0,0.05
796,20,0.3,0.0,0.3,0.3,0.0,0.3
803,20,0.33,0.0,0.33,0.33,0.0,0.33
816,20,0.225,0.0,0.225,0.225,0.0,0.225
821,20,0.69,0.0,0.69,0.69,0.0,0.69
865,20,0.23499999999999996,0.0,0.235,0.235,0.0,0.235
877,20,0.035,0.0,0.035,0.035,0.0,0.035
880,20,0.535,0.0,0.535,0.535,0.0,0.535
889,20,0.48,0.0,0.48,0.48,0.0,0.48
892,20,0.505,0.0,0.505,0.505,0.0,0.505
921,20,0.10500000000000001,0.0,0.105,0.105,0.0,0.105
929,20,0.43,0.0,0.43,0.43,0.0,0.43
953,20,0.41,0.0,0.41,0.41,0.0,0.41
967,20,0.255,0.0,0.255,0.255,0.0,0.255
970,20,0.05,0.0,0.05,0.05,0.0,0.05
978,20,0.355,0.0,0.355,0.355,0.0,0.355
979,20,0.305,0.0,0.305,0.305,0.0,0.305
987,20,0.335,0.0,0.335,0.335,0.0,0.335
994,20,0.10500000000000001,0.0,0.105,0.105,0.0,0.105
999,20,0.395,0.0,0.395,0.395,0.0,0.395
1002,20,0.155,0.0,0.155,0.155,0.0,0.155
1005,20,0.36,0.0,0.36,0.36,0.0,0.36
1009,20,0.175,0.0,0.175,0.175,0.0,0.175
1038,20,0.525,0.0,0.525,0.525,0.0,0.525
1040,20,0.43499999999999994,0.0,0.435,0.435,0.0,0.435
1053,20,0.005,0.0,0.005,0.005,0.0,0.005
1061,20,0.555,0.0,0.555,0.555,0.0,0.555
1065,20,0.035,0.0,0.035,0.035,0.0,0.035
1070,20,0.025,0.0,0.025,0.025,0.0,0.025
1071,20,0.085,0.0,0.085,0.085,0.0,0.085
1080,20,0.0,0.0,0.0,0.0,0.0,0.0
1089,20,0.4050000000000001,0.0,0.405,0.405,0.0,0.405
1090,20,0.51,0.0,0.51,0.51,0.0,0.51
1106,20,0.575,0.0,0.575,0.575,0.0,0.575
1114,20,0.0,0.0,0.0,0.0,0.0,0.0
1121,20,0.19,0.0,0.19,0.19,0.0,0.19
1123,20,0.01,0.0,0.01,0.01,0.0,0.01
1124,20,0.14,0.0,0.14,0.14,0.0,0.14
1130,20,0.05,0.0,0.05,0.05,0.0,0.05
1138,20,0.15,0.0,0.15,0.15,0.0,0.15
1141,20,0.02,0.0,0.02,0.02,0.0,0.02
1151,20,0.04,0.0,0.04,0.04,0.0,0.04
1164,20,0.07,0.0,0.07,0.07,0.0,0.07
1177,20,0.39,0.0,0.39,0.39,0.0,0.39
1186,20,0.07,0.0,0.07,0.07,0.0,0.07
1187,20,0.025,0.0,0.025,0.025,0.0,0.025
1189,20,0.23499999999999996,0.0,0.235,0.235,0.0,0.235
1191,20,0.185,0.0,0.185,0.185,0.0,0.185
1194,20,0.475,0.0,0.475,0.475,0.0,0.475
1198,20,0.10500000000000001,0.0,0.105,0.105,0.0,0.105
1200,20,0.0,0.0,0.0,0.0,0.0,0.0
1223,20,0.035,0.0,0.035,0.035,0.0,0.035
1225,20,0.4149999999999999,0.0,0.415,0.415,0.0,0.415
1226,20,0.03,0.0,0.03,0.03,0.0,0.03
1243,20,0.545,0.0,0.545,0.545,0.0,0.545
1245,20,0.05500000000000001,0.0,0.055,0.055,0.0,0.055
1273,20,0.0642691131498471,0.0,0.0642691131498471,0.0642691131498471,0.0,0.0642691131498471
1274,20,0.04,0.0,0.04,0.04,0.0,0.04
1293,20,0.075,0.0,0.075,0.075,0.0,0.075
1297,20,0.275,0.0,0.275,0.275,0.0,0.275
1302,20,0.335,0.0,0.335,0.335,0.0,0.335
1305,20,0.315,0.0,0.315,0.315,0.0,0.315
1311,20,0.535,0.0,0.535,0.535,0.0,0.535
1317,20,0.37,0.0,0.37,0.37,0.0,0.37
1322,20,0.355,0.0,0.355,0.355,0.0,0.355
1332,20,0.06,0.0,0.06,0.06,0.0,0.06
1335,20,0.305,0.0,0.305,0.305,0.0,0.305
1339,20,0.225,0.0,0.225,0.225,0.0,0.225
1340,20,0.11500000000000002,0.0,0.115,0.115,0.0,0.115
1345,20,0.6582693907464858,0.0,0.6582693907464858,0.6582693907464858,0.0,0.6582693907464858
1347,20,0.28,0.0,0.28,0.28,0.0,0.28
1354,20,0.21000000000000002,0.0,0.21,0.21,0.0,0.21
1378,20,0.03,0.0,0.03,0.03,0.0,0.03
1387,20,0.05,0.0,0.05,0.05,0.0,0.05
1389,20,0.275,0.0,0.275,0.275,0.0,0.275
1395,20,0.15,0.0,0.15,0.15,0.0,0.15
1417,20,0.12,0.0,0.12,0.12,0.0,0.12
1420,20,0.14,0.0,0.14,0.14,0.0,0.14
1424,20,0.035,0.0,0.035,0.035,0.0,0.035
1432,20,0.513560068260412,0.0,0.513560068260412,0.513560068260412,0.0,0.513560068260412
1457,20,0.195,0.0,0.195,0.195,0.0,0.195
1467,20,0.445,0.0,0.445,0.445,0.0,0.445
1475,20,0.11500000000000002,0.0,0.115,0.115,0.0,0.115
1478,20,0.22000000000000003,0.0,0.22,0.22,0.0,0.22
1481,20,0.375,0.0,0.375,0.375,0.0,0.375
1482,20,0.11500000000000002,0.0,0.115,0.115,0.0,0.115
1494,20,0.305,0.0,0.305,0.305,0.0,0.305
1498,20,0.475,0.0,0.475,0.475,0.0,0.475
1555,20,0.49000000000000005,0.0,0.49,0.49,0.0,0.49
1557,20,0.315,0.0,0.315,0.315,0.0,0.315
1578,20,0.10500000000000001,0.0,0.105,0.105,0.0,0.105
1580,20,0.195,0.0,0.195,0.195,0.0,0.195
1582,20,0.005,0.0,0.005,0.005,0.0,0.005
1586,20,0.23000000000000004,0.0,0.23,0.23,0.0,0.23
1592,20,0.49000000000000005,0.0,0.49,0.49,0.0,0.49
1595,20,0.165,0.0,0.165,0.165,0.0,0.165
1616,20,0.0,0.0,0.0,0.0,0.0,0.0
1639,20,0.295,0.0,0.295,0.295,0.0,0.295
1653,20,0.525,0.0,0.525,0.525,0.0,0.525
1670,20,0.08150157258797996,0.0,0.08150157258797996,0.08150157258797996,0.0,0.08150157258797996
1681,20,0.255,0.0,0.255,0.255,0.0,0.255
1692,20,0.24,0.0,0.24,0.24,0.0,0.24
1697,20,0.62,0.0,0.62,0.62,0.0,0.62
1744,20,0.11500000000000002,0.0,0.115,0.115,0.0,0.115
1750,20,0.45,0.0,0.45,0.45,0.0,0.45
1752,20,0.0,0.0,0.0,0.0,0.0,0.0
1770,20,0.71,0.0,0.71,0.71,0.0,0.71
1771,20,0.175,0.0,0.175,0.175,0.0,0.175
1788,20,0.09,0.0,0.09,0.09,0.0,0.09
1817,20,0.215,0.0,0.215,0.215,0.0,0.215
1826,20,0.09,0.0,0.09,0.09,0.0,0.09
1831,20,0.175,0.0,0.175,0.175,0.0,0.175
1840,20,0.505,0.0,0.505,0.505,0.0,0.505
1852,20,0.17,0.0,0.17,0.17,0.0,0.17
1858,20,0.05674349874323485,0.0,0.05674349874323486,0.05674349874323486,0.0,0.05674349874323486
1864,20,0.71,0.0,0.71,0.71,0.0,0.71
1866,20,0.49000000000000005,0.0,0.49,0.49,0.0,0.49
1867,20,0.325,0.0,0.325,0.325,0.0,0.325
1884,20,0.545,0.0,0.545,0.545,0.0,0.545
1893,20,0.005,0.0,0.005,0.005,0.0,0.005
1900,20,0.45,0.0,0.45,0.45,0.0,0.45
1905,20,0.501478513628413,6.238914795331411e-17,0.5014785136284129,0.501478513628413,1.1102230246251565e-16,0.501478513628413
1906,20,0.02,0.0,0.02,0.02,0.0,0.02
1922,20,0.385,0.0,0.385,0.385,0.0,0.385
1923,20,0.715,0.0,0.715,0.715,0.0,0.715
1931,20,0.1,0.0,0.1,0.1,0.0,0.1
1961,20,0.015,0.0,0.015,0.015,0.0,0.015
1969,20,0.01,0.0,0.01,0.01,0.0,0.01
1976,20,0.14,0.0,0.14,0.14,0.0,0.14
1986,20,0.325,0.0,0.325,0.325,0.0,0.325
2020,20,0.22000000000000003,0.0,0.22,0.22,0.0,0.22
2044,20,0.845,0.0,0.845,0.845,0.0,0.845
2064,20,0.085,0.0,0.085,0.085,0.0,0.085
2090,20,0.36,0.0,0.36,0.36,0.0,0.36
2118,20,0.04,0.0,0.04,0.04,0.0,0.04
2148,20,0.195,0.0,0.195,0.195,0.0,0.195
2161,20,0.005,0.0,0.005,0.005,0.0,0.005
2163,20,0.02,0.0,0.02,0.02,0.0,0.02
2173,20,0.045,0.0,0.045,0.045,0.0,0.045
2185,20,0.69,0.0,0.69,0.69,0.0,0.69
2188,20,0.31,0.0,0.31,0.31,0.0,0.31
2190,20,0.04,0.0,0.04,0.04,0.0,0.04
2205,20,0.395,0.0,0.395,0.395,0.0,0.395
2212,20,0.005,0.0,0.005,0.005,0.0,0.005
2219,20,0.12,0.0,0.12,0.12,0.0,0.12
2237,20,0.5,0.0,0.5,0.5,0.0,0.5
2240,20,0.44000000000000006,0.0,0.44,0.44,0.0,0.44
2249,20,0.52,0.0,0.52,0.52,0.0,0.52
2252,20,0.315,0.0,0.315,0.315,0.0,0.315
2253,20,0.1,0.0,0.1,0.1,0.0,0.1
2286,20,0.02,0.0,0.02,0.02,0.0,0.02
2288,20,0.15,0.0,0.15,0.15,0.0,0.15
2289,20,0.06,0.0,0.06,0.06,0.0,0.06
2295,20,0.325,0.0,0.325,0.325,0.0,0.325
2301,20,0.05500000000000001,0.0,0.055,0.055,0.0,0.055
2302,20,0.015,0.0,0.015,0.015,0.0,0.015
2304,20,0.045,0.0,0.045,0.045,0.0,0.045
2319,20,0.305,0.0,0.305,0.305,0.0,0.305
2323,20,0.04,0.0,0.04,0.04,0.0,0.04
2325,20,0.395,0.0,0.395,0.395,0.0,0.395
2347,20,0.15,0.0,0.15,0.15,0.0,0.15
2351,20,0.175,0.0,0.175,0.175,0.0,0.175
2360,20,0.015,0.0,0.015,0.015,0.0,0.015
2361,20,0.29,0.0,0.29,0.29,0.0,0.29
2370,20,0.06,0.0,0.06,0.06,0.0,0.06
2377,20,0.08,0.0,0.08,0.08,0.0,0.08
2402,20,0.025,0.0,0.025,0.025,0.0,0.025
2404,20,0.18,0.0,0.18,0.18,0.0,0.18
2419,20,0.23000000000000004,0.0,0.23,0.23,0.0,0.23
2421,20,0.6,0.0,0.6,0.6,0.0,0.6
2452,20,0.02,0.0,0.02,0.02,0.0,0.02
2456,20,0.16,0.0,0.16,0.16,0.0,0.16
2493,20,0.18,0.0,0.18,0.18,0.0,0.18
2495,20,0.0,0.0,0.0,0.0,0.0,0.0
2503,20,0.43499999999999994,0.0,0.435,0.435,0.0,0.435
2507,20,0.615,0.0,0.615,0.615,0.0,0.615
2512,20,0.04,0.0,0.04,0.04,0.0,0.04
2519,20,0.085,0.0,0.085,0.085,0.0,0.085
2522,20,0.4,0.0,0.4,0.4,0.0,0.4
2523,20,0.295,0.0,0.295,0.295,0.0,0.295
2527,20,0.28,0.0,0.28,0.28,0.0,0.28
2532,20,0.05,0.0,0.05,0.05,0.0,0.05
2539,20,0.035,0.0,0.035,0.035,0.0,0.035
2544,20,0.01,0.0,0.01,0.01,0.0,0.01
2557,20,0.045,0.0,0.045,0.045,0.0,0.045
2566,20,0.225,0.0,0.225,0.225,0.0,0.225
2616,20,0.195,0.0,0.195,0.195,0.0,0.195
2624,20,0.03,0.0,0.03,0.03,0.0,0.03
2630,20,0.12,0.0,0.12,0.12,0.0,0.12
2633,20,0.10500000000000001,0.0,0.105,0.105,0.0,0.105
2654,20,0.15,0.0,0.15,0.15,0.0,0.15
2659,20,0.035,0.0,0.035,0.035,0.0,0.035
2674,20,0.4149999999999999,0.0,0.415,0.415,0.0,0.415
2692,20,0.06,0.0,0.06,0.06,0.0,0.06
2704,20,0.02,0.0,0.02,0.02,0.0,0.02
2714,20,0.005,0.0,0.005,0.005,0.0,0.005
2725,20,0.195,0.0,0.195,0.195,0.0,0.195
2726,20,0.08,0.0,0.08,0.08,0.0,0.08
2728,20,0.02,0.0,0.02,0.02,0.0,0.02
2730,20,0.045,0.0,0.045,0.045,0.0,0.045
2736,20,0.27,0.0,0.27,0.27,0.0,0.27
2739,20,0.24,0.0,0.24,0.24,0.0,0.24
2743,20,0.45,0.0,0.45,0.45,0.0,0.45
2749,20,0.11500000000000002,0.0,0.115,0.115,0.0,0.115
2752,20,0.015,0.0,0.015,0.015,0.0,0.015
2792,20,0.51,0.0,0.51,0.51,0.0,0.51
2796,20,0.13,0.0,0.13,0.13,0.0,0.13
2798,20,0.11500000000000002,0.0,0.115,0.115,0.0,0.115
2806,20,0.02,0.0,0.02,0.02,0.0,0.02
2817,20,0.43,0.0,0.43,0.43,0.0,0.43
2819,20,0.01,0.0,0.01,0.01,0.0,0.01
2840,20,0.1,0.0,0.1,0.1,0.0,0.1
2864,20,0.2,0.0,0.2,0.2,0.0,0.2
2882,20,0.05,0.0,0.05,0.05,0.0,0.05
2886,20,0.0,0.0,0.0,0.0,0.0,0.0
2898,20,0.02,0.0,0.02,0.02,0.0,0.02
2905,20,0.065,0.0,0.065,0.065,0.0,0.065
2907,20,0.4149999999999999,0.0,0.415,0.415,0.0,0.415
2927,20,0.07,0.0,0.07,0.07,0.0,0.07
2931,20,0.02,0.0,0.02,0.02,0.0,0.02
2957,20,0.15,0.0,0.15,0.15,0.0,0.15
2959,20,0.16,0.0,0.16,0.16,0.0,0.16
2967,20,0.005,0.0,0.005,0.005,0.0,0.005
2968,20,0.045,0.0,0.045,0.045,0.0,0.045
2971,20,0.08,0.0,0.08,0.08,0.0,0.08
2982,20,0.06,0.0,0.06,0.06,0.0,0.06
3009,20,0.53,0.0,0.53,0.53,0.0,0.53
3035,20,0.07,0.0,0.07,0.07,0.0,0.07
3036,20,0.19,0.0,0.19,0.19,0.0,0.19
3052,20,0.26,0.0,0.26,0.26,0.0,0.26
3071,20,0.155,0.0,0.155,0.155,0.0,0.155
3095,20,0.075,0.0,0.075,0.075,0.0,0.075
3105,20,0.155,0.0,0.155,0.155,0.0,0.155
3115,20,0.205,0.0,0.205,0.205,0.0,0.205
3125,20,0.07,0.0,0.07,0.07,0.0,0.07
3137,20,0.1,0.0,0.1,0.1,0.0,0.1
3147,20,0.135,0.0,0.135,0.135,0.0,0.135
3167,20,0.12,0.0,0.12,0.12,0.0,0.12
3171,20,0.515,0.0,0.515,0.515,0.0,0.515
3183,20,0.01,0.0,0.01,0.01,0.0,0.01
3187,20,0.13,0.0,0.13,0.13,0.0,0.13
3201,20,0.1,0.0,0.1,0.1,0.0,0.1
3214,20,0.325,0.0,0.325,0.325,0.0,0.325
3224,20,0.075,0.0,0.075,0.075,0.0,0.075
3229,20,0.06,0.0,0.06,0.06,0.0,0.06
3239,20,0.065,0.0,0.065,0.065,0.0,0.065
3246,20,0.035,0.0,0.035,0.035,0.0,0.035
3248,20,0.135,0.0,0.135,0.135,0.0,0.135
3252,20,0.05,0.0,0.05,0.05,0.0,0.05
3255,20,0.285,0.0,0.285,0.285,0.0,0.285
3289,20,0.495,0.0,0.495,0.495,0.0,0.495
3296,20,0.12,0.0,0.12,0.12,0.0,0.12
3298,20,0.275,0.0,0.275,0.275,0.0,0.275
3307,20,0.015,0.0,0.015,0.015,0.0,0.015
3312,20,0.06,0.0,0.06,0.06,0.0,0.06
3318,20,0.0,0.0,0.0,0.0,0.0,0.0
3351,20,0.22000000000000003,0.0,0.22,0.22,0.0,0.22
3355,20,0.175,0.0,0.175,0.175,0.0,0.175
3361,20,0.08,0.0,0.08,0.08,0.0,0.08
3379,20,0.012993175517167837,0.0,0.012993175517167839,0.012993175517167839,0.0,0.012993175517167839
3384,20,0.42183505913329816,0.0,0.42183505913329816,0.42183505913329816,0.0,0.42183505913329816
3415,20,0.06,0.0,0.06,0.06,0.0,0.06
3416,20,0.135,0.0,0.135,0.135,0.0,0.135
3429,20,0.34,0.0,0.34,0.34,0.0,0.34
3434,20,0.0,0.0,0.0,0.0,0.0,0.0
3439,20,0.015,0.0,0.015,0.015,0.0,0.015
3473,20,0.005,0.0,0.005,0.005,0.0,0.005
3476,20,0.01,0.0,0.01,0.01,0.0,0.01
3478,20,0.255,0.0,0.255,0.255,0.0,0.255
3480,20,0.01,0.0,0.01,0.01,0.0,0.01
3496,20,0.035,0.0,0.035,0.035,0.0,0.035
3499,20,0.365,0.0,0.365,0.365,0.0,0.365
3504,20,0.01,0.0,0.01,0.01,0.0,0.01
3509,20,0.125,0.0,0.125,0.125,0.0,0.125
3529,20,0.01,0.0,0.01,0.01,0.0,0.01
3541,20,0.005,0.0,0.005,0.005,0.0,0.005
3567,20,0.02,0.0,0.02,0.02,0.0,0.02
3582,20,0.215,0.0,0.215,0.215,0.0,0.215
3588,20,0.03,0.0,0.03,0.03,0.0,0.03
3596,20,0.0,0.0,0.0,0.0,0.0,0.0
3599,20,0.065,0.0,0.065,0.065,0.0,0.065
3600,20,0.05500000000000001,0.0,0.055,0.055,0.0,0.055
3612,20,0.37,0.0,0.37,0.37,0.0,0.37
3618,20,0.18,0.0,0.18,0.18,0.0,0.18
3619,20,0.005,0.0,0.005,0.005,0.0,0.005
3621,20,0.065,0.0,0.065,0.065,0.0,0.065
3622,20,0.23499999999999996,0.0,0.235,0.235,0.0,0.235
3632,20,0.05,0.0,0.05,0.05,0.0,0.05
3633,20,0.035,0.0,0.035,0.035,0.0,0.035
3635,20,0.18,0.0,0.18,0.18,0.0,0.18
3636,20,0.11500000000000002,0.0,0.115,0.115,0.0,0.115
3651,20,0.15,0.0,0.15,0.15,0.0,0.15
3655,20,0.135,0.0,0.135,0.135,0.0,0.135
3667,20,0.05500000000000001,0.0,0.055,0.055,0.0,0.055
3673,20,0.045,0.0,0.045,0.045,0.0,0.045
3678,20,0.04,0.0,0.04,0.04,0.0,0.04
3699,20,0.03,0.0,0.03,0.03,0.0,0.03
3701,20,0.23499999999999996,0.0,0.235,0.235,0.0,0.235
3707,20,0.0,0.0,0.0,0.0,0.0,0.0
3717,20,0.0,0.0,0.0,0.0,0.0,0.0
3724,20,0.025,0.0,0.025,0.025,0.0,0.025
3725,20,0.11000000000000001,0.0,0.11,0.11,0.0,0.11
3731,20,0.06,0.0,0.06,0.06,0.0,0.06
3742,20,0.025,0.0,0.025,0.025,0.0,0.025
3746,20,0.01,0.0,0.01,0.01,0.0,0.01
3766,20,0.17,0.0,0.17,0.17,0.0,0.17
3767,20,0.04,0.0,0.04,0.04,0.0,0.04
3773,20,0.255,0.0,0.255,0.255,0.0,0.255
3799,20,0.32,0.0,0.32,0.32,0.0,0.32
3805,20,0.05,0.0,0.05,0.05,0.0,0.05
3812,20,0.005,0.0,0.005,0.005,0.0,0.005
3821,20,0.05500000000000001,0.0,0.055,0.055,0.0,0.055
3833,20,0.0,0.0,0.0,0.0,0.0,0.0
3837,20,0.005,0.0,0.005,0.005,0.0,0.005
3840,20,0.375,0.0,0.375,0.375,0.0,0.375
3862,20,0.02,0.0,0.02,0.02,0.0,0.02
3870,20,0.085,0.0,0.085,0.085,0.0,0.085
3896,20,0.0,0.0,0.0,0.0,0.0,0.0
3925,20,0.6050738497292907,0.0,0.6050738497292907,0.6050738497292907,0.0,0.6050738497292907
3940,20,0.0,0.0,0.0,0.0,0.0,0.0
3941,20,0.01,0.0,0.01,0.01,0.0,0.01
3969,20,0.13,0.0,0.13,0.13,0.0,0.13
3972,20,0.065,0.0,0.065,0.065,0.0,0.065
3975,20,0.01,0.0,0.01,0.01,0.0,0.01
3976,20,0.015,0.0,0.015,0.015,0.0,0.015
3983,20,0.18,0.0,0.18,0.18,0.0,0.18
3984,20,0.01,0.0,0.01,0.01,0.0,0.01
3985,20,0.005,0.0,0.005,0.005,0.0,0.005
3989,20,0.03,0.0,0.03,0.03,0.0,0.03
4003,20,0.04,0.0,0.04,0.04,0.0,0.04
4015,20,0.065,0.0,0.065,0.065,0.0,0.065
4018,20,0.465,0.0,0.465,0.465,0.0,0.465
4025,20,0.52,0.0,0.52,0.52,0.0,0.52
4028,20,0.785,0.0,0.785,0.785,0.0,0.785
4031,20,0.835,0.0,0.835,0.835,0.0,0.835
4039,20,0.42000000000000004,0.0,0.42,0.42,0.0,0.42
4062,20,0.01,0.0,0.01,0.01,0.0,0.01
4064,20,0.03,0.0,0.03,0.03,0.0,0.03
4084,20,0.075,0.0,0.075,0.075,0.0,0.075
4092,20,0.05500000000000001,0.0,0.055,0.055,0.0,0.055
4102,20,0.11500000000000002,0.0,0.115,0.115,0.0,0.115
4112,20,0.43,0.0,0.43,0.43,0.0,0.43
4117,20,0.005,0.0,0.005,0.005,0.0,0.005
4123,20,0.02,0.0,0.02,0.02,0.0,0.02
4136,20,0.18,0.0,0.18,0.18,0.0,0.18
4145,20,0.39,0.0,0.39,0.39,0.0,0.39
4156,20,0.4600000000000001,0.0,0.46,0.46,0.0,0.46
4176,20,0.425,0.0,0.425,0.425,0.0,0.425
4216,20,0.23499999999999996,0.0,0.235,0.235,0.0,0.235
4228,20,0.4,0.0,0.4,0.4,0.0,0.4
4235,20,0.545,0.0,0.545,0.545,0.0,0.545
4244,20,0.24,0.0,0.24,0.24,0.0,0.24
4246,20,0.66,0.0,0.66,0.66,0.0,0.66
4269,20,0.285,0.0,0.285,0.285,0.0,0.285
4275,20,0.07,0.0,0.07,0.07,0.0,0.07
4277,20,0.05,0.0,0.05,0.05,0.0,0.05
4302,20,0.24,0.0,0.24,0.24,0.0,0.24
4313,20,0.485,0.0,0.485,0.485,0.0,0.485
4314,20,0.32,0.0,0.32,0.32,0.0,0.32
4315,20,0.225,0.0,0.225,0.225,0.0,0.225
4327,20,0.625,0.0,0.625,0.625,0.0,0.625
4334,20,0.285,0.0,0.285,0.285,0.0,0.285
4361,20,0.315,0.0,0.315,0.315,0.0,0.315
4374,20,0.72,0.0,0.72,0.72,0.0,0.72
4378,20,0.125,0.0,0.125,0.125,0.0,0.125
4382,20,0.425,0.0,0.425,0.425,0.0,0.425
4384,20,0.265,0.0,0.265,0.265,0.0,0.265
4397,20,0.095,0.0,0.095,0.095,0.0,0.095
4411,20,0.4,0.0,0.4,0.4,0.0,0.4
4417,20,0.275,0.0,0.275,0.275,0.0,0.275
4431,20,0.24500000000000002,0.0,0.245,0.245,0.0,0.245
4435,20,0.175,0.0,0.175,0.175,0.0,0.175
4455,20,0.555,0.0,0.555,0.555,0.0,0.555
4458,20,0.04,0.0,0.04,0.04,0.0,0.04
4460,20,0.365,0.0,0.365,0.365,0.0,0.365
4464,20,0.24,0.0,0.24,0.24,0.0,0.24
4470,20,0.07,0.0,0.07,0.07,0.0,0.07
4495,20,0.13,0.0,0.13,0.13,0.0,0.13
4498,20,0.615,0.0,0.615,0.615,0.0,0.615
4503,20,0.66,0.0,0.66,0.66,0.0,0.66
4507,20,0.08,0.0,0.08,0.08,0.0,0.08
4508,20,0.365,0.0,0.365,0.365,0.0,0.365
4511,20,0.24500000000000002,0.0,0.245,0.245,0.0,0.245
4514,20,0.1,0.0,0.1,0.1,0.0,0.1
4523,20,0.445,0.0,0.445,0.445,0.0,0.445
4528,20,0.73,0.0,0.73,0.73,0.0,0.73
4539,20,0.1,0.0,0.1,0.1,0.0,0.1
4540,20,0.78,0.0,0.78,0.78,0.0,0.78
4543,20,0.845,0.0,0.845,0.845,0.0,0.845
4563,20,0.39,0.0,0.39,0.39,0.0,0.39
4565,20,0.195,0.0,0.195,0.195,0.0,0.195
4572,20,0.67,0.0,0.67,0.67,0.0,0.67
4579,20,0.465,0.0,0.465,0.465,0.0,0.465
4584,20,0.645,0.0,0.645,0.645,0.0,0.645
4590,20,0.735,0.0,0.735,0.735,0.0,0.735
4611,20,0.55,0.0,0.55,0.55,0.0,0.55
4621,20,0.57,0.0,0.57,0.57,0.0,0.57
4639,20,0.4,0.0,0.4,0.4,0.0,0.4
4648,20,0.145,0.0,0.145,0.145,0.0,0.145
4652,20,0.355,0.0,0.355,0.355,0.0,0.355
4669,20,0.685,0.0,0.685,0.685,0.0,0.685
4677,20,0.4,0.0,0.4,0.4,0.0,0.4
4679,20,0.37,0.0,0.37,0.37,0.0,0.37
4691,20,0.26,0.0,0.26,0.26,0.0,0.26
4692,20,0.505,0.0,0.505,0.505,0.0,0.505
4699,20,0.345,0.0,0.345,0.345,0.0,0.345
4701,20,0.445,0.0,0.445,0.445,0.0,0.445
4705,20,0.25,0.0,0.25,0.25,0.0,0.25
4706,20,0.525,0.0,0.525,0.525,0.0,0.525
4718,20,0.365,0.0,0.365,0.365,0.0,0.365
4729,20,0.19,0.0,0.19,0.19,0.0,0.19
4733,20,0.17,0.0,0.17,0.17,0.0,0.17
4734,20,0.10500000000000001,0.0,0.105,0.105,0.0,0.105
4735,20,0.39,0.0,0.39,0.39,0.0,0.39
4737,20,0.23499999999999996,0.0,0.235,0.235,0.0,0.235
4739,20,0.09,0.0,0.09,0.09,0.0,0.09
4746,20,0.34,0.0,0.34,0.34,0.0,0.34
4747,20,0.04,0.0,0.04,0.04,0.0,0.04
4748,20,0.31,0.0,0.31,0.31,0.0,0.31
4753,20,0.39,0.0,0.39,0.39,0.0,0.39
4756,20,0.145,0.0,0.145,0.145,0.0,0.145
4761,20,0.01,0.0,0.01,0.01,0.0,0.01
4763,20,0.1,0.0,0.1,0.1,0.0,0.1
4768,20,0.035,0.0,0.035,0.035,0.0,0.035
4784,20,0.0,0.0,0.0,0.0,0.0,0.0
4802,20,0.3,0.0,0.3,0.3,0.0,0.3
4807,20,0.045,0.0,0.045,0.045,0.0,0.045
4825,20,0.045,0.0,0.045,0.045,0.0,0.045
4827,20,0.08833150936596387,0.0,0.08833150936596387,0.08833150936596387,0.0,0.08833150936596387
4829,20,0.0,0.0,0.0,0.0,0.0,0.0
4862,20,0.07,0.0,0.07,0.07,0.0,0.07
4899,20,0.04,0.0,0.04,0.04,0.0,0.04
4902,20,0.17,0.0,0.17,0.17,0.0,0.17
4916,20,0.0,0.0,0.0,0.0,0.0,0.0
4918,20,0.13,0.0,0.13,0.13,0.0,0.13
4922,20,0.015,0.0,0.015,0.015,0.0,0.015
4924,20,0.025,0.0,0.025,0.025,0.0,0.025
4943,20,0.28,0.0,0.28,0.28,0.0,0.28
4952,20,0.355,0.0,0.355,0.355,0.0,0.355
4965,20,0.03221556597267939,0.0,0.03221556597267939,0.03221556597267939,0.0,0.03221556597267939
4975,20,0.26,0.0,0.26,0.26,0.0,0.26
4992,20,0.385,0.0,0.385,0.385,0.0,0.385
5012,20,0.07,0.0,0.07,0.07,0.0,0.07
5034,20,0.0,0.0,0.0,0.0,0.0,0.0
5035,20,0.185,0.0,0.185,0.185,0.0,0.185
5040,20,0.26,0.0,0.26,0.26,0.0,0.26
5051,20,0.4,0.0,0.4,0.4,0.0,0.4
5053,20,0.42000000000000004,0.0,0.42,0.42,0.0,0.42
5058,20,0.10500000000000001,0.0,0.105,0.105,0.0,0.105
5060,20,0.445,0.0,0.445,0.445,0.0,0.445
5070,20,0.27,0.0,0.27,0.27,0.0,0.27
5092,20,0.19,0.0,0.19,0.19,0.0,0.19
5122,20,0.085,0.0,0.085,0.085,0.0,0.085
5125,20,0.054300486618004865,0.0,0.054300486618004865,0.054300486618004865,0.0,0.054300486618004865
5131,20,0.13,0.0,0.13,0.13,0.0,0.13
5140,20,0.25,0.0,0.25,0.25,0.0,0.25
5165,20,0.275,0.0,0.275,0.275,0.0,0.275
5174,20,0.45,0.0,0.45,0.45,0.0,0.45
5184,20,0.485,0.0,0.485,0.485,0.0,0.485
5195,20,0.175,0.0,0.175,0.175,0.0,0.175
5206,20,0.205,0.0,0.205,0.205,0.0,0.205
5225,20,0.27,0.0,0.27,0.27,0.0,0.27
5229,20,0.16,0.0,0.16,0.16,0.0,0.16
5233,20,0.0,0.0,0.0,0.0,0.0,0.0
5236,20,0.54,0.0,0.54,0.54,0.0,0.54
5240,20,0.215,0.0,0.215,0.215,0.0,0.215
5279,20,0.4149999999999999,0.0,0.415,0.415,0.0,0.415
5307,20,0.0,0.0,0.0,0.0,0.0,0.0
5324,20,0.08804723564143854,0.0,0.08804723564143854,0.08804723564143854,0.0,0.08804723564143854
5335,20,0.005,0.0,0.005,0.005,0.0,0.005
5344,20,0.1,0.0,0.1,0.1,0.0,0.1
5360,20,0.14332938177938476,0.0,0.14332938177938476,0.14332938177938476,0.0,0.14332938177938476
5371,20,0.37,0.0,0.37,0.37,0.0,0.37
5391,20,0.085,0.0,0.085,0.085,0.0,0.085
5392,20,0.26,0.0,0.26,0.26,0.0,0.26
5396,20,0.15,0.0,0.15,0.15,0.0,0.15
5446,20,0.45499999999999996,0.0,0.455,0.455,0.0,0.455
5461,20,0.4,0.0,0.4,0.4,0.0,0.4
5462,20,0.025,0.0,0.025,0.025,0.0,0.025
5486,20,0.045,0.0,0.045,0.045,0.0,0.045
5504,20,0.010163542167320384,0.0,0.010163542167320384,0.010163542167320384,0.0,0.010163542167320384
5517,20,0.23499999999999996,0.0,0.235,0.235,0.0,0.235
5527,20,0.155,0.0,0.155,0.155,0.0,0.155
5528,20,0.315,0.0,0.315,0.315,0.0,0.315
5535,20,0.295,0.0,0.295,0.295,0.0,0.295
5542,20,0.39,0.0,0.39,0.39,0.0,0.39
5549,20,0.28,0.0,0.28,0.28,0.0,0.28
5560,20,0.375,0.0,0.375,0.375,0.0,0.375
5575,20,0.23000000000000004,0.0,0.23,0.23,0.0,0.23
5579,20,0.59,0.0,0.59,0.59,0.0,0.59
5589,20,0.42000000000000004,0.0,0.42,0.42,0.0,0.42
5590,20,0.18,0.0,0.18,0.18,0.0,0.18
5592,20,0.21000000000000002,0.0,0.21,0.21,0.0,0.21
5596,20,0.005,0.0,0.005,0.005,0.0,0.005
5600,20,0.01,0.0,0.01,0.01,0.0,0.01
5601,20,0.10500000000000001,0.0,0.105,0.105,0.0,0.105
5614,20,0.095,0.0,0.095,0.095,0.0,0.095
5618,20,0.005,0.0,0.005,0.005,0.0,0.005
5633,20,0.07,0.0,0.07,0.07,0.0,0.07
5634,20,0.045,0.0,0.045,0.045,0.0,0.045
5639,20,0.065,0.0,0.065,0.065,0.0,0.065
5642,20,0.42000000000000004,0.0,0.42,0.42,0.0,0.42
5643,20,0.30726903853754584,0.0,0.30726903853754584,0.30726903853754584,0.0,0.30726903853754584
5653,20,0.05500000000000001,0.0,0.055,0.055,0.0,0.055
5679,20,0.18,0.0,0.18,0.18,0.0,0.18
5683,20,0.285,0.0,0.285,0.285,0.0,0.285
5686,20,0.0,0.0,0.0,0.0,0.0,0.0
5696,20,0.585,0.0,0.585,0.585,0.0,0.585
5714,20,0.18,0.0,0.18,0.18,0.0,0.18
5723,20,0.2,0.0,0.2,0.2,0.0,0.2
5764,20,0.005,0.0,0.005,0.005,0.0,0.005
5772,20,0.305,0.0,0.305,0.305,0.0,0.305
5775,20,0.04,0.0,0.04,0.04,0.0,0.04
5779,20,0.11500000000000002,0.0,0.115,0.115,0.0,0.115
5785,20,0.10500000000000001,0.0,0.105,0.105,0.0,0.105
5787,20,0.205,0.0,0.205,0.205,0.0,0.205
5813,20,0.135,0.0,0.135,0.135,0.0,0.135
5832,20,0.005,0.0,0.005,0.005,0.0,0.005
5843,20,0.065,0.0,0.065,0.065,0.0,0.065
5862,20,0.135,0.0,0.135,0.135,0.0,0.135
5880,20,0.085,0.0,0.085,0.085,0.0,0.085
5882,20,0.20800427122263748,0.0,0.20800427122263748,0.20800427122263748,0.0,0.20800427122263748
5890,20,0.315,0.0,0.315,0.315,0.0,0.315
5893,20,0.0,0.0,0.0,0.0,0.0,0.0
5911,20,0.2230042712226375,0.0,0.2230042712226375,0.2230042712226375,0.0,0.2230042712226375
5914,20,0.0403993431277388,0.0,0.0403993431277388,0.0403993431277388,0.0,0.0403993431277388
5931,20,0.0,0.0,0.0,0.0,0.0,0.0
5957,20,0.39373932764140873,0.0,0.39373932764140873,0.39373932764140873,0.0,0.39373932764140873
5970,20,0.0,0.0,0.0,0.0,0.0,0.0
5980,20,0.0,0.0,0.0,0.0,0.0,0.0
5988,20,0.395,0.0,0.395,0.395,0.0,0.395
5990,20,0.075,0.0,0.075,0.075,0.0,0.075
6002,20,0.03,0.0,0.03,0.03,0.0,0.03
6008,20,0.0,0.0,0.0,0.0,0.0,0.0
6009,20,0.02,0.0,0.02,0.02,0.0,0.02
6010,20,0.0,0.0,0.0,0.0,0.0,0.0
6013,20,0.15,0.0,0.15,0.15,0.0,0.15
6016,20,0.015,0.0,0.015,0.015,0.0,0.015
6040,20,0.0,0.0,0.0,0.0,0.0,0.0
6050,20,0.565,0.0,0.565,0.565,0.0,0.565
6051,20,0.145,0.0,0.145,0.145,0.0,0.145
6058,20,0.465,0.0,0.465,0.465,0.0,0.465
6061,20,0.24,0.0,0.24,0.24,0.0,0.24
6075,20,0.012487326574172892,0.0,0.012487326574172892,0.012487326574172892,0.0,0.012487326574172892
6082,20,0.43499999999999994,0.0,0.435,0.435,0.0,0.435
6086,20,0.29,0.0,0.29,0.29,0.0,0.29
6098,20,0.6,0.0,0.6,0.6,0.0,0.6
6104,20,0.0,0.0,0.0,0.0,0.0,0.0
6128,20,0.005,0.0,0.005,0.005,0.0,0.005
6158,20,0.0,0.0,0.0,0.0,0.0,0.0
6173,20,0.0,0.0,0.0,0.0,0.0,0.0
6174,20,0.545,0.0,0.545,0.545,0.0,0.545
6186,20,0.045,0.0,0.045,0.045,0.0,0.045
6208,20,0.025,0.0,0.025,0.025,0.0,0.025
6226,20,0.005,0.0,0.005,0.005,0.0,0.005
6233,20,0.185,0.0,0.185,0.185,0.0,0.185
6238,20,0.05500000000000001,0.0,0.055,0.055,0.0,0.055
6240,20,0.015,0.0,0.015,0.015,0.0,0.015
6279,20,0.645,0.0,0.645,0.645,0.0,0.645
6286,20,0.085,0.0,0.085,0.085,0.0,0.085
6287,20,0.05302140181915462,0.0,0.05302140181915463,0.05302140181915463,0.0,0.05302140181915463
6288,20,0.11500000000000002,0.0,0.115,0.115,0.0,0.115
6289,20,0.01,0.0,0.01,0.01,0.0,0.01
6291,20,0.065,0.0,0.065,0.065,0.0,0.065
6297,20,0.16,0.0,0.16,0.16,0.0,0.16
6304,20,0.065,0.0,0.065,0.065,0.0,0.065
6305,20,0.465,0.0,0.465,0.465,0.0,0.465
6314,20,0.11000000000000001,0.0,0.11,0.11,0.0,0.11
6315,20,0.045,0.0,0.045,0.045,0.0,0.045
6319,20,0.19,0.0,0.19,0.19,0.0,0.19
6320,20,0.355,0.0,0.355,0.355,0.0,0.355
6327,20,0.035,0.0,0.035,0.035,0.0,0.035
6330,20,0.0,0.0,0.0,0.0,0.0,0.0
6355,20,0.56,0.0,0.56,0.56,0.0,0.56
6359,20,0.08,0.0,0.08,0.08,0.0,0.08
6366,20,0.475,0.0,0.475,0.475,0.0,0.475
6382,20,0.295,0.0,0.295,0.295,0.0,0.295
6383,20,0.195,0.0,0.195,0.195,0.0,0.195
6392,20,0.325,0.0,0.325,0.325,0.0,0.325
6393,20,0.395,0.0,0.395,0.395,0.0,0.395
6396,20,0.385,0.0,0.385,0.385,0.0,0.385
6398,20,0.025,0.0,0.025,0.025,0.0,0.025
6410,20,0.11500000000000002,0.0,0.115,0.115,0.0,0.115
6411,20,0.045,0.0,0.045,0.045,0.0,0.045
6433,20,0.21284715421085845,0.0,0.21284715421085845,0.21284715421085845,0.0,0.21284715421085845
6435,20,0.085,0.0,0.085,0.085,0.0,0.085
6439,20,0.10500000000000001,0.0,0.105,0.105,0.0,0.105
6440,20,0.06,0.0,0.06,0.06,0.0,0.06
6455,20,0.0,0.0,0.0,0.0,0.0,0.0
6465,20,0.16,0.0,0.16,0.16,0.0,0.16
6477,20,0.095,0.0,0.095,0.095,0.0,0.095
6488,20,0.26,0.0,0.26,0.26,0.0,0.26
6492,20,0.04,0.0,0.04,0.04,0.0,0.04
6494,20,0.01,0.0,0.01,0.01,0.0,0.01
6496,20,0.315,0.0,0.315,0.315,0.0,0.315
6509,20,0.56,0.0,0.56,0.56,0.0,0.56
6514,20,0.155,0.0,0.155,0.155,0.0,0.155
6536,20,0.195,0.0,0.195,0.195,0.0,0.195
6539,20,0.61,0.0,0.61,0.61,0.0,0.61
6546,20,0.44000000000000006,0.0,0.44,0.44,0.0,0.44
6549,20,0.35,0.0,0.35,0.35,0.0,0.35
6564,20,0.23000000000000004,0.0,0.23,0.23,0.0,0.23
6571,20,0.255,0.0,0.255,0.255,0.0,0.255
6579,20,0.215,0.0,0.215,0.215,0.0,0.215
6611,20,0.06559753620130708,0.0,0.06559753620130708,0.06559753620130708,0.0,0.06559753620130708
6612,20,0.4050000000000001,0.0,0.405,0.405,0.0,0.405
6613,20,0.09,0.0,0.09,0.09,0.0,0.09
6619,20,0.74,0.0,0.74,0.74,0.0,0.74
6624,20,0.24500000000000002,0.0,0.245,0.245,0.0,0.245
6627,20,0.08,0.0,0.08,0.08,0.0,0.08
6629,20,0.07,0.0,0.07,0.07,0.0,0.07
6643,20,0.22000000000000003,0.0,0.22,0.22,0.0,0.22
6649,20,0.76,0.0,0.76,0.76,0.0,0.76
6666,20,0.6,0.0,0.6,0.6,0.0,0.6
6679,20,0.325,0.0,0.325,0.325,0.0,0.325
6694,20,0.535,0.0,0.535,0.535,0.0,0.535
6712,20,0.0,0.0,0.0,0.0,0.0,0.0
6715,20,0.015,0.0,0.015,0.015,0.0,0.015
6716,20,0.0,0.0,0.0,0.0,0.0,0.0
6730,20,0.04,0.0,0.04,0.04,0.0,0.04
6740,20,0.085,0.0,0.085,0.085,0.0,0.085
6741,20,0.005,0.0,0.005,0.005,0.0,0.005
6747,20,0.015,0.0,0.015,0.015,0.0,0.015
6761,20,0.065,0.0,0.065,0.065,0.0,0.065
6780,20,0.0,0.0,0.0,0.0,0.0,0.0
6808,20,0.02,0.0,0.02,0.02,0.0,0.02
6821,20,0.05,0.0,0.05,0.05,0.0,0.05
6838,20,0.0,0.0,0.0,0.0,0.0,0.0
6839,20,0.015,0.0,0.015,0.015,0.0,0.015
6846,20,0.1,0.0,0.1,0.1,0.0,0.1
6854,20,0.005,0.0,0.005,0.005,0.0,0.005
6855,20,0.065,0.0,0.065,0.065,0.0,0.065
6877,20,0.075,0.0,0.075,0.075,0.0,0.075
6898,20,0.03,0.0,0.03,0.03,0.0,0.03
6905,20,0.0,0.0,0.0,0.0,0.0,0.0
6932,20,0.075,0.0,0.075,0.075,0.0,0.075
6950,20,0.125,0.0,0.125,0.125,0.0,0.125
6972,20,0.145,0.0,0.145,0.145,0.0,0.145
6975,20,0.01,0.0,0.01,0.01,0.0,0.01
6990,20,0.03,0.0,0.03,0.03,0.0,0.03
6994,20,0.0,0.0,0.0,0.0,0.0,0.0
7008,20,0.19,0.0,0.19,0.19,0.0,0.19
7015,20,0.365,0.0,0.365,0.365,0.0,0.365
7026,20,0.13,0.0,0.13,0.13,0.0,0.13
7031,20,0.135,0.0,0.135,0.135,0.0,0.135
7038,20,0.285,0.0,0.285,0.285,0.0,0.285
7048,20,0.045,0.0,0.045,0.045,0.0,0.045
7049,20,0.175,0.0,0.175,0.175,0.0,0.175
7052,20,0.06,0.0,0.06,0.06,0.0,0.06
7056,20,0.05500000000000001,0.0,0.055,0.055,0.0,0.055
7073,20,0.355,0.0,0.355,0.355,0.0,0.355
7101,20,0.42000000000000004,0.0,0.42,0.42,0.0,0.42
7103,20,0.325,0.0,0.325,0.325,0.0,0.325
7111,20,0.02,0.0,0.02,0.02,0.0,0.02
7112,20,0.025,0.0,0.025,0.025,0.0,0.025
7122,20,0.23499999999999996,0.0,0.235,0.235,0.0,0.235
7131,20,0.06,0.0,0.06,0.06,0.0,0.06
7148,20,0.35,0.0,0.35,0.35,0.0,0.35
7153,20,0.3,0.0,0.3,0.3,0.0,0.3
7166,20,0.03,0.0,0.03,0.03,0.0,0.03
7169,20,0.015,0.0,0.015,0.015,0.0,0.015
7173,20,0.1,0.0,0.1,0.1,0.0,0.1
7188,20,0.08,0.0,0.08,0.08,0.0,0.08
7192,20,0.23000000000000004,0.0,0.23,0.23,0.0,0.23
7213,20,0.165,0.0,0.165,0.165,0.0,0.165
7218,20,0.32,0.0,0.32,0.32,0.0,0.32
7239,20,0.18,0.0,0.18,0.18,0.0,0.18
7244,20,0.3837540021344717,0.0,0.3837540021344717,0.3837540021344717,0.0,0.3837540021344717
7273,20,0.31,0.0,0.31,0.31,0.0,0.31
7292,20,0.665,0.0,0.665,0.665,0.0,0.665
7296,20,0.8949999999999999,0.0,0.895,0.895,0.0,0.895
7307,20,0.8,0.0,0.8,0.8,0.0,0.8
7309,20,0.755,0.0,0.755,0.755,0.0,0.755
7361,20,0.075,0.0,0.075,0.075,0.0,0.075
7379,20,0.8400000000000001,0.0,0.84,0.84,0.0,0.84
7405,20,0.26,0.0,0.26,0.26,0.0,0.26
7418,20,0.21000000000000002,0.0,0.21,0.21,0.0,0.21
7429,20,0.085,0.0,0.085,0.085,0.0,0.085
7444,20,0.27,0.0,0.27,0.27,0.0,0.27
7449,20,0.24500000000000002,0.0,0.245,0.245,0.0,0.245
7452,20,0.315,0.0,0.315,0.315,0.0,0.315
7455,20,0.045,0.0,0.045,0.045,0.0,0.045
7480,20,0.04,0.0,0.04,0.04,0.0,0.04
7493,20,0.065,0.0,0.065,0.065,0.0,0.065
7500,20,0.045,0.0,0.045,0.045,0.0,0.045
7538,20,0.05,0.0,0.05,0.05,0.0,0.05
7539,20,0.020165237397077367,0.0,0.020165237397077367,0.020165237397077367,0.0,0.020165237397077367
7548,20,0.0,0.0,0.0,0.0,0.0,0.0
7551,20,0.025,0.0,0.025,0.025,0.0,0.025
7554,20,0.015,0.0,0.015,0.015,0.0,0.015
7560,20,0.05,0.0,0.05,0.05,0.0,0.05
7568,20,0.02,0.0,0.02,0.02,0.0,0.02
7577,20,0.0,0.0,0.0,0.0,0.0,0.0
7589,20,0.05,0.0,0.05,0.05,0.0,0.05
7591,20,0.04,0.0,0.04,0.04,0.0,0.04
7606,20,0.015,0.0,0.015,0.015,0.0,0.015
7610,20,0.24,0.0,0.24,0.24,0.0,0.24
7660,20,0.35,0.0,0.35,0.35,0.0,0.35
7663,20,0.285,0.0,0.285,0.285,0.0,0.285
7668,20,0.085,0.0,0.085,0.085,0.0,0.085
7673,20,0.23499999999999996,0.0,0.235,0.235,0.0,0.235
7681,20,0.4149999999999999,0.0,0.415,0.415,0.0,0.415
7691,20,0.205,0.0,0.205,0.205,0.0,0.205
7698,20,0.26,0.0,0.26,0.26,0.0,0.26
7708,20,0.18669256562515055,2.98665307401619e-17,0.18669256562515052,0.1866925656251506,8.326672684688674e-17,0.18669256562515055
7715,20,0.43499999999999994,0.0,0.435,0.435,0.0,0.435
7743,20,0.225,0.0,0.225,0.225,0.0,0.225
7745,20,0.53,0.0,0.53,0.53,0.0,0.53
7799,20,0.37,0.0,0.37,0.37,0.0,0.37
7812,20,0.525,0.0,0.525,0.525,0.0,0.525
7850,20,0.76,0.0,0.76,0.76,0.0,0.76
7870,20,0.64,0.0,0.64,0.64,0.0,0.64
7883,20,0.8100000000000002,0.0,0.81,0.81,0.0,0.81
7896,20,0.255,0.0,0.255,0.255,0.0,0.255
7907,20,0.52,0.0,0.52,0.52,0.0,0.52
7915,20,0.385,0.0,0.385,0.385,0.0,0.385
7925,20,0.64,0.0,0.64,0.64,0.0,0.64
7943,20,0.495,0.0,0.495,0.495,0.0,0.495
7954,20,0.265,0.0,0.265,0.265,0.0,0.265
7963,20,0.02,0.0,0.02,0.02,0.0,0.02
7971,20,0.605,0.0,0.605,0.605,0.0,0.605
7972,20,0.375,0.0,0.375,0.375,0.0,0.375
7974,20,0.28,0.0,0.28,0.28,0.0,0.28
7975,20,0.25,0.0,0.25,0.25,0.0,0.25
7978,20,0.4050000000000001,0.0,0.405,0.405,0.0,0.405
7991,20,0.41,0.0,0.41,0.41,0.0,0.41
7992,20,0.555,0.0,0.555,0.555,0.0,0.555
8006,20,0.45,0.0,0.45,0.45,0.0,0.45
8014,20,0.535,0.0,0.535,0.535,0.0,0.535
8023,20,0.635,0.0,0.635,0.635,0.0,0.635
8065,20,0.48,0.0,0.48,0.48,0.0,0.48
8078,20,0.38,0.0,0.38,0.38,0.0,0.38
8113,20,0.3553049305679389,2.5470262995437506e-17,0.35530493056793877,0.3553049305679389,1.1102230246251565e-16,0.3553049305679389
8119,20,0.42871408943661793,5.695323946259567e-17,0.4287140894366178,0.42871408943661793,1.1102230246251565e-16,0.42871408943661793
8123,20,0.4878546430504647,1.8010195682678647e-17,0.48785464305046466,0.4878546430504647,5.551115123125783e-17,0.48785464305046466
8124,20,0.3960090769000123,0.0,0.3960090769000123,0.3960090769000123,0.0,0.3960090769000123
8127,20,0.565,0.0,0.565,0.565,0.0,0.565
8133,20,0.265,0.0,0.265,0.265,0.0,0.265
8138,20,0.465,0.0,0.465,0.465,0.0,0.465
8139,20,0.52,0.0,0.52,0.52,0.0,0.52
8140,20,0.44000000000000006,0.0,0.44,0.44,0.0,0.44
8143,20,0.32,0.0,0.32,0.32,0.0,0.32
8158,20,0.12,0.0,0.12,0.12,0.0,0.12
8165,20,0.4699999999999999,0.0,0.47,0.47,0.0,0.47
8174,20,0.8,0.0,0.8,0.8,0.0,0.8
8179,20,0.805,0.0,0.805,0.805,0.0,0.805
8187,20,0.52,0.0,0.52,0.52,0.0,0.52
8189,20,0.52,0.0,0.52,0.52,0.0,0.52
8208,20,0.575,0.0,0.575,0.575,0.0,0.575
8209,20,0.59,0.0,0.59,0.59,0.0,0.59
8216,20,0.31,0.0,0.31,0.31,0.0,0.31
8220,20,0.35,0.0,0.35,0.35,0.0,0.35
8245,20,0.365,0.0,0.365,0.365,0.0,0.365
8255,20,0.225,0.0,0.225,0.225,0.0,0.225
8282,20,0.395,0.0,0.395,0.395,0.0,0.395
8304,20,0.395,0.0,0.395,0.395,0.0,0.395
8307,20,0.65,0.0,0.65,0.65,0.0,0.65
8331,20,0.695,0.0,0.695,0.695,0.0,0.695
8341,20,0.29,0.0,0.29,0.29,0.0,0.29
8351,20,0.715,0.0,0.715,0.715,0.0,0.715
8368,20,0.68,0.0,0.68,0.68,0.0,0.68
8379,20,0.54,0.0,0.54,0.54,0.0,0.54
8387,20,0.485,0.0,0.485,0.485,0.0,0.485
8388,20,0.605,0.0,0.605,0.605,0.0,0.605
8392,20,0.5,0.0,0.5,0.5,0.0,0.5
8395,20,0.64,0.0,0.64,0.64,0.0,0.64
8398,20,0.67,0.0,0.67,0.67,0.0,0.67
8405,20,0.34,0.0,0.34,0.34,0.0,0.34
8408,20,0.27,0.0,0.27,0.27,0.0,0.27
8414,20,0.025,0.0,0.025,0.025,0.0,0.025
8422,20,0.44000000000000006,0.0,0.44,0.44,0.0,0.44
8445,20,0.31,0.0,0.31,0.31,0.0,0.31
8450,20,0.215,0.0,0.215,0.215,0.0,0.215
8454,20,0.21000000000000002,0.0,0.21,0.21,0.0,0.21
8456,20,0.485,0.0,0.485,0.485,0.0,0.485
8472,20,0.52,0.0,0.52,0.52,0.0,0.52
8490,20,0.325,0.0,0.325,0.325,0.0,0.325
8501,20,0.4050000000000001,0.0,0.405,0.405,0.0,0.405
8519,20,0.305,0.0,0.305,0.305,0.0,0.305
8556,20,0.285,0.0,0.285,0.285,0.0,0.285
8576,20,0.305,0.0,0.305,0.305,0.0,0.305
8585,20,0.02,0.0,0.02,0.02,0.0,0.02
8602,20,0.35,0.0,0.35,0.35,0.0,0.35
8609,20,0.54,0.0,0.54,0.54,0.0,0.54
8615,20,0.39,0.0,0.39,0.39,0.0,0.39
8629,20,0.295,0.0,0.295,0.295,0.0,0.295
8649,20,0.215,0.0,0.215,0.215,0.0,0.215
8650,20,0.19,0.0,0.19,0.19,0.0,0.19
8659,20,0.4,0.0,0.4,0.4,0.0,0.4
8663,20,0.32,0.0,0.32,0.32,0.0,0.32
8671,20,0.4149999999999999,0.0,0.415,0.415,0.0,0.415
8688,20,0.22000000000000003,0.0,0.22,0.22,0.0,0.22
8704,20,0.525,0.0,0.525,0.525,0.0,0.525
8705,20,0.48,0.0,0.48,0.48,0.0,0.48
8708,20,0.33,0.0,0.33,0.33,0.0,0.33
8713,20,0.32,0.0,0.32,0.32,0.0,0.32
8738,20,0.315,0.0,0.315,0.315,0.0,0.315
8746,20,0.41,0.0,0.41,0.41,0.0,0.41
8748,20,0.155,0.0,0.155,0.155,0.0,0.155
8756,20,0.15,0.0,0.15,0.15,0.0,0.15
8776,20,0.29,0.0,0.29,0.29,0.0,0.29
8782,20,0.215,0.0,0.215,0.215,0.0,0.215
8789,20,0.10500000000000001,0.0,0.105,0.105,0.0,0.105
8797,20,0.035,0.0,0.035,0.035,0.0,0.035
8806,20,0.43499999999999994,0.0,0.435,0.435,0.0,0.435
8820,20,0.19,0.0,0.19,0.19,0.0,0.19
8822,20,0.28,0.0,0.28,0.28,0.0,0.28
8832,20,0.13,0.0,0.13,0.13,0.0,0.13
8838,20,0.165,0.0,0.165,0.165,0.0,0.165
8849,20,0.72,0.0,0.72,0.72,0.0,0.72
8854,20,0.67,0.0,0.67,0.67,0.0,0.67
8864,20,0.4,0.0,0.4,0.4,0.0,0.4
8867,20,0.44000000000000006,0.0,0.44,0.44,0.0,0.44
8875,20,0.24,0.0,0.24,0.24,0.0,0.24
8876,20,0.185,0.0,0.185,0.185,0.0,0.185
8879,20,0.57,0.0,0.57,0.57,0.0,0.57
8884,20,0.165,0.0,0.165,0.165,0.0,0.165
8885,20,0.915,0.0,0.915,0.915,0.0,0.915
8894,20,0.29,0.0,0.29,0.29,0.0,0.29
8902,20,0.325,0.0,0.325,0.325,0.0,0.325
8903,20,0.465,0.0,0.465,0.465,0.0,0.465
8907,20,0.275,0.0,0.275,0.275,0.0,0.275
8914,20,0.10500000000000001,0.0,0.105,0.105,0.0,0.105
8922,20,0.11500000000000002,0.0,0.115,0.115,0.0,0.115
8937,20,0.2,0.0,0.2,0.2,0.0,0.2
8943,20,0.6432931370810429,0.0,0.6432931370810429,0.6432931370810429,0.0,0.6432931370810429
8946,20,0.25,0.0,0.25,0.25,0.0,0.25
8948,20,0.273749332977588,0.0,0.273749332977588,0.273749332977588,0.0,0.273749332977588
8952,20,0.12,0.0,0.12,0.12,0.0,0.12
8962,20,0.295,0.0,0.295,0.295,0.0,0.295
8965,20,0.205,0.0,0.205,0.205,0.0,0.205
8979,20,0.175,0.0,0.175,0.175,0.0,0.175
8988,20,0.17373932764140876,0.0,0.17373932764140876,0.17373932764140876,0.0,0.17373932764140876
9003,20,0.1,0.0,0.1,0.1,0.0,0.1
9014,20,0.37,0.0,0.37,0.37,0.0,0.37
9015,20,0.23000000000000004,0.0,0.23,0.23,0.0,0.23
9020,20,0.315,0.0,0.315,0.315,0.0,0.315
9034,20,0.57,0.0,0.57,0.57,0.0,0.57
9038,20,0.68,0.0,0.68,0.68,0.0,0.68
9052,20,0.23499999999999996,0.0,0.235,0.235,0.0,0.235
9053,20,0.26,0.0,0.26,0.26,0.0,0.26
9057,20,0.08,0.0,0.08,0.08,0.0,0.08
9060,20,0.515,0.0,0.515,0.515,0.0,0.515
9069,20,0.27,0.0,0.27,0.27,0.0,0.27
9076,20,0.10500000000000001,0.0,0.105,0.105,0.0,0.105
9099,20,0.465,0.0,0.465,0.465,0.0,0.465
9104,20,0.545,0.0,0.545,0.545,0.0,0.545
9106,20,0.335,0.0,0.335,0.335,0.0,0.335
9116,20,0.265,0.0,0.265,0.265,0.0,0.265
9117,20,0.28,0.0,0.28,0.28,0.0,0.28
9137,20,0.11300085387981643,0.0,0.11300085387981643,0.11300085387981643,0.0,0.11300085387981643
9151,20,0.44000000000000006,0.0,0.44,0.44,0.0,0.44
9165,20,0.04101411975217358,0.0,0.04101411975217358,0.04101411975217358,0.0,0.04101411975217358
9171,20,0.52,0.0,0.52,0.52,0.0,0.52
9176,20,0.21000000000000002,0.0,0.21,0.21,0.0,0.21
9184,20,0.275,0.0,0.275,0.275,0.0,0.275
9185,20,0.165,0.0,0.165,0.165,0.0,0.165
9197,20,0.495,0.0,0.495,0.495,0.0,0.495
9216,20,0.145,0.0,0.145,0.145,0.0,0.145
9217,20,0.54,0.0,0.54,0.54,0.0,0.54
9236,20,0.10251906593949892,5.514473698779903e-18,0.1025190659394989,0.10251906593949892,1.3877787807814457e-17,0.1025190659394989
9238,20,0.27449036402569593,0.0,0.27449036402569593,0.27449036402569593,0.0,0.27449036402569593
9239,20,0.16333910170067242,0.0,0.16333910170067242,0.16333910170067242,0.0,0.16333910170067242
9245,20,0.3,0.0,0.3,0.3,0.0,0.3
9247,20,0.10500000000000001,0.0,0.105,0.105,0.0,0.105
9254,20,0.005,0.0,0.005,0.005,0.0,0.005
9268,20,0.41,0.0,0.41,0.41,0.0,0.41
9278,20,0.14,0.0,0.14,0.14,0.0,0.14
9283,20,0.275,0.0,0.275,0.275,0.0,0.275
9304,20,0.1,0.0,0.1,0.1,0.0,0.1
9335,20,0.345,0.0,0.345,0.345,0.0,0.345
9348,20,0.195,0.0,0.195,0.195,0.0,0.195
9351,20,0.095,0.0,0.095,0.095,0.0,0.095
9362,20,0.07,0.0,0.07,0.07,0.0,0.07
9376,20,0.025,0.0,0.025,0.025,0.0,0.025
9381,20,0.21000000000000002,0.0,0.21,0.21,0.0,0.21
9382,20,0.025,0.0,0.025,0.025,0.0,0.025
9400,20,0.061102266912090766,0.0,0.061102266912090766,0.061102266912090766,0.0,0.061102266912090766
9429,20,0.07,0.0,0.07,0.07,0.0,0.07
9432,20,0.255,0.0,0.255,0.255,0.0,0.255
9433,20,0.24500000000000002,0.0,0.245,0.245,0.0,0.245
9496,20,0.06725501150362755,0.0,0.06725501150362755,0.06725501150362755,0.0,0.06725501150362755
9498,20,0.185,0.0,0.185,0.185,0.0,0.185
9499,20,0.425,0.0,0.425,0.425,0.0,0.425
9521,20,0.10526596637982275,0.0,0.10526596637982276,0.10526596637982276,0.0,0.10526596637982276
9547,20,0.55,0.0,0.55,0.55,0.0,0.55
9560,20,0.4699999999999999,0.0,0.47,0.47,0.0,0.47
9583,20,0.14,0.0,0.14,0.14,0.0,0.14
9585,20,0.507491122159091,0.0,0.507491122159091,0.507491122159091,0.0,0.507491122159091
9597,20,0.8550000000000001,0.0,0.855,0.855,0.0,0.855
9609,20,0.625,0.0,0.625,0.625,0.0,0.625
9617,20,0.22000000000000003,0.0,0.22,0.22,0.0,0.22
9622,20,0.2837486659551761,0.0,0.2837486659551761,0.2837486659551761,0.0,0.2837486659551761
9636,20,0.21000000000000002,0.0,0.21,0.21,0.0,0.21
9649,20,0.695,0.0,0.695,0.695,0.0,0.695
9654,20,0.71,0.0,0.71,0.71,0.0,0.71
9656,20,0.55,0.0,0.55,0.55,0.0,0.55
9662,20,0.76,0.0,0.76,0.76,0.0,0.76
9669,20,0.795,0.0,0.795,0.795,0.0,0.795
9682,20,0.48,0.0,0.48,0.48,0.0,0.48
9686,20,0.52,0.0,0.52,0.52,0.0,0.52
9687,20,0.655,0.0,0.655,0.655,0.0,0.655
9697,20,0.275,0.0,0.275,0.275,0.0,0.275
9703,20,0.64,0.0,0.64,0.64,0.0,0.64
9713,20,0.15,0.0,0.15,0.15,0.0,0.15
9722,20,0.575,0.0,0.575,0.575,0.0,0.575
9726,20,0.705,0.0,0.705,0.705,0.0,0.705
9748,20,0.785,0.0,0.785,0.785,0.0,0.785
9756,20,0.275,0.0,0.275,0.275,0.0,0.275
9779,20,0.30318983875874655,0.0,0.30318983875874655,0.30318983875874655,0.0,0.30318983875874655
9789,20,0.32,0.0,0.32,0.32,0.0,0.32
9807,20,0.26,0.0,0.26,0.26,0.0,0.26
9813,20,0.09871131270010672,0.0,0.09871131270010672,0.09871131270010672,0.0,0.09871131270010672
9816,20,0.11000000000000001,0.0,0.11,0.11,0.0,0.11
9822,20,0.53,0.0,0.53,0.53,0.0,0.53
9825,20,0.56,0.0,0.56,0.56,0.0,0.56
9832,20,0.3,0.0,0.3,0.3,0.0,0.3
9838,20,0.265,0.0,0.265,0.265,0.0,0.265
9843,20,0.34,0.0,0.34,0.34,0.0,0.34
9849,20,0.17,0.0,0.17,0.17,0.0,0.17
9865,20,0.17,0.0,0.17,0.17,0.0,0.17
9867,20,0.23000000000000004,0.0,0.23,0.23,0.0,0.23
9900,20,0.035,0.0,0.035,0.035,0.0,0.035
9902,20,0.315,0.0,0.315,0.315,0.0,0.315
9912,20,0.365,0.0,0.365,0.365,0.0,0.365
9916,20,0.015,0.0,0.015,0.015,0.0,0.015
9927,20,0.06,0.0,0.06,0.06,0.0,0.06
9932,20,0.0,0.0,0.0,0.0,0.0,0.0
9944,20,0.0,0.0,0.0,0.0,0.0,0.0
9955,20,0.0,0.0,0.0,0.0,0.0,0.0
9964,20,0.08,0.0,0.08,0.08,0.0,0.08
9971,20,0.145,0.0,0.145,0.145,0.0,0.145
9989,20,0.05500000000000001,0.0,0.055,0.055,0.0,0.055
